Workbook

Sheet Interfaz
E7: D Actual
E9: d actual | F9: 1.01
E11: Bodegas | F11: F/Slc | G11: D/V/% | J11: Fe/d | M11: D Tm ACT
E12: B1 | F12: Vacio | M12: {='D Actual'!N8:N12} -> 0
E13: B2 | F13: Vacio | M13: 0
E14: B3 | F14: Vacio | M14: 0
E15: B4 | F15: Vacio | M15: 0
E16: B5 | F16: Vacio | M16: 0
E19: Heavy Fuel Oil | F19: F/Slc | G19: % | H19: d | I19: 0.95 | J19: Tm | K19: m3 | L19: D Tm ACT
E20: HFO Deep P 1 | F20: Full | H20: Igual | L20: {='D Actual'!N16:N24} -> 412.205
E21: HFO Deep S 1 | F21: Full | H21: Igual | L21: 326.23
E22: HFO Deep P 2 | F22: Slack | G22: 70 | H22: Igual | L22: 354.578
E23: HFO Deep S 2 | L23: 0
E24: HFO Service Tk 1 | F24: Full | H24: Igual | L24: 42.94
E25: HFO Service Tk 2 | L25: 0
E26: HFO Settling Tk 1 | F26: Full | H26: Igual | L26: 42.94
E27: HFO Settling Tk 2 | F27: Slack | G27: 20 | H27: Igual | L27: 8.588
E28: HFO Overflow Tk | F28: Slack | G28: 12 | H28: Igual | L28: 4.389
E31: Diesel Oil | F31: F/Slc | G31: % | H31: d | I31: 0.85 | J31: Tm | K31: m3 | L31: D Tm ACT
E32: DO Deep Tk S | L32: {='D Actual'!N28:N31} -> 0
E33: DO Service Tk 1 | F33: Slack | G33: 80 | H33: Igual | L33: 15.368
E34: DO Service Tk 2 | L34: 0
E35: DO Settling Tk | F35: Slack | G35: 18 | H35: Igual | L35: 3.4578
E38: Water Ballast | F38: F/Slc | G38: % | H38: d | I38: 1.025 | J38: Tm | K38: m3 | L38: D Tm ACT
E39: Fore Peak tank | F39: Full | H39: Igual | L39: {='D Actual'!Y8:Y32} -> 1921.1575
E40: DB Ballast P 1 | F40: Full | H40: Igual | L40: 251.6375
E41: DB Ballast S 1 | F41: Full | H41: Igual | L41: 251.6375
E42: WT Ballast P 1 | F42: Full | H42: Igual | L42: 1093.5725
E43: WT Ballast S 1 | F43: Full | H43: Igual | L43: 1093.5725
E44: DB Ballast P 2 | F44: Full | H44: Igual | L44: 622.8925
E45: DB Ballast S 2 | F45: Full | H45: Igual | L45: 622.8925
E46: WT Ballast P 2 | F46: Full | H46: Igual | L46: 1033.7125
E47: WT Ballast S 2 | F47: Full | H47: Igual | L47: 1033.7125
E48: DB Ballast P 3 | F48: Full | H48: Igual | L48: 622.8925
E49: DB Ballast S 3 | F49: Full | H49: Igual | L49: 622.8925
E50: WT Ballast P 3 | F50: Full | H50: Igual | L50: 1035.045
E51: WT Ballast S 3 | F51: Full | H51: Igual | L51: 1035.045
... E53: DB Ballast S 4 | F53: Full | H53: Igual | L53: 622.8925
E54: WT Ballast P 4 | L54: 0
E55: WT Ballast S 4 | F55: Slack | G55: 21 | H55: Igual | L55: 214.84103
E56: DB Ballast P 5 | F56: Full | H56: Igual | L56: 445.9775
E57: DB Ballast S 5 | F57: Full | H57: Igual | L57: 445.9775
E58: WT Ballast P 5 | F58: Full | H58: Igual | L58: 865.305
E59: WT Ballast S 5 | F59: Full | H59: Igual | L59: 865.305
E60: Hold Wash Water P | L60: 0
E61: Hold Wash Water S | L61: 0
E62: AFT Peak Tank | L62: 0
E63: Bodega 3 (BW) | L63: 0
E66: Lubricating Oil | F66: F/Slc | G66: % | H66: d | I66: 0.9 | J66: Tm | K66: m3 | L66: D Tm ACT
E67: LO Store Tk 1 | L67: {='D Actual'!AJ8:AJ17} -> 0
E68: LO Store Tk 2 | F68: Full | H68: Igual | L68: 16.83
E69: Cyl Oil Tk 1 | F69: Slack | G69: 70 | H69: Igual | L69: 12.726
E70: Cyl Oil Tk 2 | F70: Slack | G70: 60 | H70: Igual | L70: 23.976
E71: LO Sump Tk | L71: 0
E72: LO A/E Tk 1 | L72: 0
E73: LO A/E Tk 2 | L73: 0
E74: LO Stern Tube Tk | F74: Slack | G74: 40 | H74: Igual | L74: 0.72
E75: Cyl Oil Service Tk 1 | F75: Full | H75: Igual | L75: 0.72
E76: Cyl Oil Service Tk 2 | F76: Full | H76: Igual | L76: 0.72
E79: Fresh Water | F79: F/Slc | G79: % | H79: d | I79: 1 | J79: Tm | K79: m3 | L79: D Tm ACT
E80: FW Tk P | F80: Slack | G80: 60 | H80: Igual | L80: {='D Actual'!AJ20:AJ21} -> 71.7
E81: FW Tk S | L81: 0
E84: Miscellaneus Oil | F84: F/Slc | G84: % | H84: d | I84: 0.9 | J84: Tm | K84: m3 | L84: D Tm ACT
E85: HFO Drain Tk | F85: Slack | G85: 20 | H85: Igual | L85: {='D Actual'!AJ24:AJ26} -> 0.882
E86: Sludge Oil Tk | F86: Slack | G86: 30 | H86: Igual | L86: 2.457
E87: Stern Tube Drain Tk | F87: Slack | G87: 27 | H87: Igual | L87: 1.0935
E90: Miscellaneus Water | F90: F/Slc | G90: % | H90: d | I90: 1 | J90: Tm | K90: m3 | L90: D Tm ACT
E91: S/T Cooling | L91: {='D Actual'!AJ29:AJ33} -> 0
E92: Sewage Holding Tk | L92: 0
E93: Bilge Water Tk | F93: Slack | G93: 13 | H93: Igual | L93: 4.55
E94: Feed Water Tk | L94: 0
E95: FW Drain Tk | F95: Slack | G95: 4 | H95: Igual | L95: 0.124
E98: Otros Pesos | F98: Peso (Tm) | G98: VCG | H98: MV | I98: LCG | J98: ML | K98: TCG | L98: MT
E99: Peso Nº 1 | F99: 15 | G99: 17 | H99: =F99*G99 -> 255 | I99: 20 | J99: =F99*I99 -> 300 | K99: 10 | L99: =F99*K99 -> 150
E100: Peso Nº 2 | F100: 6 | G100: 15 | H100: =F100*G100 -> 90 | I100: 180 | J100: =F100*I100 -> 1080 | K100: 0 | L100: =F100*K100 -> 0
E101: Peso Nº 3 | H101: =F101*G101 -> 0 | J101: =F101*I101 -> 0 | L101: =F101*K101 -> 0
E102: Peso Nº 4 | H102: =F102*G102 -> 0 | J102: =F102*I102 -> 0 | L102: =F102*K102 -> 0
E103: Peso Nº 5 | H103: =F103*G103 -> 0 | J103: =F103*I103 -> 0 | L103: =F103*K103 -> 0
E104: Peso Nº 6 | H104: =F104*G104 -> 0 | J104: =F104*I104 -> 0 | L104: =F104*K104 -> 0
E105: Peso Nº 7 | H105: =F105*G105 -> 0 | J105: =F105*I105 -> 0 | L105: =F105*K105 -> 0
E106: Peso Nº 8 | H106: =F106*G106 -> 0 | J106: =F106*I106 -> 0 | L106: =F106*K106 -> 0
E107: Peso Nº 9 | H107: =F107*G107 -> 0 | J107: =F107*I107 -> 0 | L107: =F107*K107 -> 0
E108: Peso Nº 10 | H108: =F108*G108 -> 0 | J108: =F108*I108 -> 0 | L108: =F108*K108 -> 0
F109: Peso (Tm) | G109: VCG | H109: MV | I109: LCG | J109: ML | K109: TCG | L109: MT
E110: PF | F110: =SUM(F99:F108) -> 21 | G110: =IFERROR(H110/F110,0) -> 16.428571 | H110: =SUM(H99:H108) -> 345 | I110: =IFERROR(J110/F110,0) -> 65.714286 | J110: =SUM(J99:J108) -> 1380 | K110: =IFERROR(L110/F110,0) -> 7.1428571 | L110: =SUM(L99:L108) -> 150
E113: Condición ACT
E115: Dact | F115: {='Condición Actual'!G10:G18} -> 27736.148 | H115: Φactsl | I115: ='Condición Actual'!J10 -> 0.01986124
E116: VCGact | F116: 8.5374794 | H116: C Marcas
E117: VCGactsl | F117: 8.5718028 | H117: CMpr | I117: {='Condición Actual'!J12:J14} -> 5.4505606 | K117: GZ 30 | L117: {='Condición Actual'!G24:G28} -> 0
E118: LCGact | F118: 98.362559 | H118: CMpp | I118: 6.3858952 | K118: GZ max | L118: 0
E119: TCGact | F119: 0.0031179789 | H119: CMx | I119: 5.9158029 | K119: Dinámica 30º | L119: 0
E120: Csl | F120: 0.03432344 | H120: C Perpen. | K120: Din 30º-40º | L120: 0
E121: GMactsl | F121: 8.9947281 | H121: CppPr | I121: {='Condición Actual'!J16:J18} -> 5.4238283 | K121: Din 0º-40º | L121: 0
E122: Φe act | F122: 0 | H122: CppPp | I122: 6.4440668
E123: ARact | H123: Cx | I123: 5.8938029
E126: Navegación
E128: Origen (A) | J128: Destino (B)
E129: Puerto: | F129: Anchorage | J129: Puerto: | K129: Auckland
E130: {=Navegación!E9:H9} -> 61.233333 | F130: N | G130: -149.88333 | H130: W | J130: {=Navegación!L9:O9} -> -36.833333 | K130: S | L130: 174.78333 | M130: E
E131: º | F131: ′ | G131: " | H131: N/S | J131: º | K131: ′ | L131: " | M131: N/S
...

Sheet Leyenda
K6: Navegación:
K7: V media (Kt) | L7: Velocidad | O7: Consumos: | R7: D Máximos: | U7: Calados Act Sal Lleg | X7: Análisis Inundación: | AC7: Orden recomendado:
K8: D RL | L8: Distancia | O8: CMOxd | P8: Consumo por día | R8: CH | S8: Calado Hidroestático | U8: A | V8: Asiento | X8: Despla. | Y8: Desplazamiento | AC8: D Actual | AD8: Distribución Original de pesos
K9: T RL (días) | L9: Tiempo | O9: HFO | P9: Heavy Fuel Oil | R9: sw | S9: Agua salada | U9: Cpp | V9: Calado de Popa | X9: Inund. | Y9: Inundación | AC9: Condición Actual | AD9: Estado del buque inicial
K10: Derr. Elegida: | L10: Derrota | O10: dmax | P10: Días máximos | R10: bw | S10: Agua salobre | U10: Arruf | V10: Arrufo | X10: Inun. | Y10: Inundación | AC10: Navegación | AD10: Planificación de la derrota (Puerto de origen y velocidad)
K11: RL | L11: Loxodromica | O11: Cap | P11: Capacidad | R11: fw | S11: Agua dulce | U11: Quebr | V11: Quebranto | X11: B.vcg | Y11: Bajar centro de gravedad | AC11: Consumos | AD11: Consumos diarios
F12: Título | G12: Títulos Sección | K12: GC | L12: Ortodrómica | O12: duso | P12: Días de uso | R12: corr x d | S12: Corregido por densidad | X12: Ltr.Es. | Y12: Lastrar a Estribor | AC12: Navegación | AD12: Planificación de la derrota (Puerto de destino y selección metodo de navegación)
F13: Texto | G13: Texto Entradas/Salidas/Constantes | K13: Limt | L13: Límite | O13: CMOtot | P13: Consumo total | X13: Trsgo. | Y13: Trasiego | AC13: D Máximos | AD13: Datos puerto de Salida y de Llegada y cambio de zona (Si aplica)
F14: Entrada | G14: Celda de Entrada de datos | O14: dRest | P14: Días restantes | U14: Carga y Reparto: | X14: Trsgo.F. | Y14: Trasiego Final | AC14: Carga Y Reparto | AD14: Carga
F15: Salida | G15: Celda de Salida de datos | O15: LLEG | P15: Llegada | R15: Condición X: | U15: %ACT | V15: Porcentaje de llenado Actual | AC15: Consumos | AD15: Distribución consumos
F16: Selección | G16: Celda de selección | K16: D Actual: | L16: Desplazamiento Actual | O16: DO | P16: Diesel Oil | R16: C | S16: Calado | U16: Mx | V16: Máximo | AC16: Carga Y Reparto | AD16: Reparto
G17: Celda Vacía | K17: F | L17: Full/Lleno | O17: LO | P17: Lube Oil | R17: CM | S17: Calado en la Marca | AC17: Condición Salida | AD17: Estado del buque a la Salida
K18: Slc | L18: Slack/Parcialmente Lleno | O18: Misc.Oil | P18: Miscellaneus Oil | R18: Cpp | S18: Calado en la Perpendicular | AC18: Condición Llegada | AD18: Estado del buque a la Llegada
K19: V | L19: Volumen | O19: Misc.Wt | P19: Miscellaneus Water | R19: Cx | S19: Calado en la Maestra
K20: % | L20: Porcentaje de llenado | O20: FW | P20: Agua Dulce
K21: Fe | L21: Factor de estiba
K22: d | L22: Densidad
K23: ACT | L23: Actual

Sheet TTHH
B8: Bodegas | C8: Vol 100% | D8: Vol 98% | E8: LCG | F8: TCG | G8: VCG | H8: FSM (m4) | J8: Eslora total | K8: 190 | Y8: Grain Shifting Moments B1 | AF8: Grain Shifting Moments B2 | AM8: Grain Shifting Moments B3 | AT8: Grain Shifting Moments B4 | BA8: Grain Shifting Moments B5 | BF8: Max. Grain Shifting Moments; TRIM = 0 | CL8: KN (m) TRIM = 0,0 m | CW8: KN (m) TRIM = 1,0 m
B9: B1 | C9: 12437.9 | D9: 12189.1 | E9: 158.6 | F9: 0 | G9: 10.12 | H9: 49541 | J9: Eslora entre PP | K9: 183.25 | M9: Freeboard | N9: Draft | O9: D | P9: DWT | S9: Calado en las marcas | W9: Height (m) | X9: Ullage (m) | Y9: V (m3) | Z9: VHM (m4) | AA9: LCG | AB9: VCG | AD9: Height (m) | AE9: Ullage (m) | AF9: V (m3) | AG9: VHM (m4) | AH9: LCG | AI9: VCG | AK9: Height (m) | AL9: Ullage (m) | AM9: V (m3) | AN9: VHM (m4) | AO9: LCG | AP9: VCG | AR9: Height (m) | AS9: Ullage (m) | AT9: V (m3) | AU9: VHM (m4) | AV9: LCG | AW9: VCG | AY9: Height (m) | AZ9: Ullage (m) | BA9: V (m3) | BB9: VHM (m4) | BC9: LCG | BD9: VCG | BF9: KG / Draft | BG9: 8 | BH9: 8.1 | BI9: 8.2 | BJ9: 8.3 | BK9: 8.4 | BL9: 8.5 | BM9: 8.6 | BN9: 8.7 | BO9: 8.8 | BP9: 8.9 | BQ9: 9 | BR9: 9.1 | BS9: 9.2 | BT9: 9.3 | BU9: 9.4 | BV9: 9.5 | BW9: 9.6 | BX9: 9.7 | BY9: 9.8 | BZ9: 9.9 | CA9: 10 | CB9: 10.1 | CC9: 10.2 | CD9: 10.3 | CE9: 10.4 | CF9: 10.5 | CG9: 10.6 | CH9: 10.7 | CI9: 10.8 | CJ9: 10.9 | CL9: Heeling angle / Draft | CM9: 5 | CN9: 10 | CO9: 12 | CP9: 20 | CQ9: 30 | CR9: 40 | CS9: 50 | CT9: 60 | CU9: 75 | CW9: Heeling angle / Draft | CX9: 5 | CY9: 10 | CZ9: 12 | DA9: 20 | DB9: 30 | DC9: 40 | DD9: 50 | DE9: 60 | DF9: 75
B10: B2 | C10: 13347 | D10: 13080 | E10: 130.02 | F10: 0 | G10: 10.21 | H10: 63136 | J10: Manga | K10: 32.26 | M10: TF | N10: 13.083 | O10: 66074 | P10: 55030 | R10: Cpp | S10: <11m | T10: >11m | W10: 17.775 | X10: 0 | Y10: 12431.5 | Z10: 536 | AA10: 158.59 | AB10: 10.12 | AD10: 17.975 | AE10: 0 | AF10: 13349.5 | AG10: 688 | AH10: 130.01 | AI10: 10.21 | AK10: 17.975 | AL10: 0 | AM10: 13351.3 | AN10: 688 | AO10: 101.22 | AP10: 10.21 | AR10: 17.975 | AS10: 0 | AT10: 13349.6 | AU10: 688 | AV10: 72.42 | AW10: 10.21 | AY10: 17.975 | AZ10: 0 | BA10: 13265.4 | BB10: 688 | BC10: 43.26 | BD10: 10.52 | BF10: 7.5 | BG10: 61272 | BH10: 60463 | BI10: 59654 | BJ10: 58845 | BK10: 58036 | BL10: 57227 | BM10: 56418 | BN10: 55609 | BO10: 54801 | BP10: 53992 | BQ10: 53182 | BR10: 52373 | BS10: 51565 | BT10: 50756 | BU10: 49947 | BV10: 49138 | BW10: 48329 | BX10: 47520 | BY10: 46711 | BZ10: 45902 | CA10: 45093 | CB10: 44284 | CC10: 43475 | CD10: 42667 | CE10: 41858 | CF10: 41049 | CG10: 40240 | CH10: 39431 | CI10: 38622 | CJ10: 37814 | CL10: 7.5 | CM10: 1.337 | CN10: 2.692 | CO10: 3.238 | CP10: 5.46 | CQ10: 8.176 | CR10: 10.143 | CS10: 11.165 | CT10: 11.662 | CU10: 11.419 | CW10: 7.5 | CX10: 1.348 | CY10: 2.713 | CZ10: 3.264 | DA10: 5.502 | DB10: 8.223 | DC10: 10.185 | DD10: 11.187 | DE10: 11.68 | DF10: 11.435
B11: B3 | C11: 13348.7 | D11: 13081.8 | E11: 101.22 | F11: 0 | G11: 10.21 | H11: 63150 | J11: Puntal | K11: 17.5 | M11: F | N11: 12.822 | O11: 64947 | P11: 53903 | R11: Esp K | S11: 0.022 | T11: 0.022 | W11: 17.575 | X11: 0.2 | Y11: 12351.7 | Z11: 1406 | AA11: 158.6 | AB11: 10.05 | AD11: 17.775 | AE11: 0.2 | AF11: 13253 | AG11: 1749 | AH11: 130.02 | AI11: 10.14 | AK11: 17.775 | AL11: 0.2 | AM11: 13254.8 | AN11: 1749 | AO11: 101.22 | AP11: 10.14 | AR11: 17.775 | AS11: 0.2 | AT11: 13253 | AU11: 1749 | AV11: 72.42 | AW11: 10.14 | AY11: 17.775 | AZ11: 0.2 | BA11: 13168.9 | BB11: 1749 | BC11: 43.26 | BD11: 10.46 | BF11: 7.6 | BG11: 61429 | BH11: 60609 | BI11: 59788 | BJ11: 58967 | BK11: 58147 | BL11: 57326 | BM11: 56505 | BN11: 55685 | BO11: 54864 | BP11: 54043 | BQ11: 53222 | BR11: 52402 | BS11: 51581 | BT11: 50760 | BU11: 49940 | BV11: 49119 | BW11: 48298 | BX11: 47478 | BY11: 46657 | BZ11: 45836 | CA11: 45015 | CB11: 44195 | CC11: 43374 | CD11: 42553 | CE11: 41733 | CF11: 40912 | CG11: 40092 | CH11: 39271 | CI11: 38450 | CJ11: 37630 | CL11: 7.6 | CM11: 1.33 | CN11: 2.676 | CO11: 3.219 | CP11: 5.429 | CQ11: 8.148 | CR11: 10.115 | CS11: 11.14 | CT11: 11.65 | CU11: 11.413 | CW11: 7.6 | CX11: 1.34 | CY11: 2.697 | CZ11: 3.244 | DA11: 5.47 | DB11: 8.195 | DC11: 10.157 | DD11: 11.162 | DE11: 11.667 | DF11: 11.429
B12: B4 | C12: 13346.9 | D12: 13080 | E12: 72.42 | F12: 0 | G12: 10.21 | H12: 63136 | J12: D Rosca | K12: 11044.1 | M12: T | N12: 12.801 | O12: 66105 | P12: 55061 | R12: L aft | S12: 14.4 | T12: 0.2 | W12: 17.375 | X12: 0.4 | Y12: 12271.4 | Z12: 2113 | AA12: 158.6 | AB12: 9.99 | AD12: 17.575 | AE12: 0.4 | AF12: 13156.4 | AG12: 2603 | AH12: 130.02 | AI12: 10.07 | AK12: 17.575 | AL12: 0.4 | AM12: 13158.2 | AN12: 2603 | AO12: 101.22 | AP12: 10.07 | AR12: 17.575 | AS12: 0.4 | AT12: 13156.5 | AU12: 2603 | AV12: 72.42 | AW12: 10.07 | AY12: 17.575 | AZ12: 0.4 | BA12: 13072.3 | BB12: 2603 | BC12: 43.25 | BD12: 10.39 | BF12: 7.7 | BG12: 61597 | BH12: 60765 | BI12: 59932 | BJ12: 59100 | BK12: 58267 | BL12: 57435 | BM12: 56602 | BN12: 55770 | BO12: 54938 | BP12: 54105 | BQ12: 53272 | BR12: 52440 | BS12: 51607 | BT12: 50775 | BU12: 49942 | BV12: 49110 | BW12: 48277 | BX12: 47445 | BY12: 46613 | BZ12: 45780 | CA12: 44947 | CB12: 44115 | CC12: 43282 | CD12: 42450 | CE12: 41617 | CF12: 40785 | CG12: 39953 | CH12: 39120 | CI12: 38288 | CJ12: 37456 | CL12: 7.7 | CM12: 1.322 | CN12: 2.662 | CO12: 3.202 | CP12: 5.399 | CQ12: 8.121 | CR12: 10.087 | CS12: 11.115 | CT12: 11.636 | CU12: 11.406 | CW12: 7.7 | CX12: 1.332 | CY12: 2.682 | CZ12: 3.226 | DA12: 5.439 | DB12: 8.167 | DC12: 10.129 | DD12: 11.137 | DE12: 11.653 | DF12: 11.421
B13: B5 | C13: 13271.5 | D13: 13006.1 | E13: 43.26 | F13: 0 | G13: 10.52 | H13: 66827 | J13: LCG | K13: 84.08 | M13: S | N13: 12.54 | O13: 64609 | P13: 53565 | R13: L fwd | S13: 0.85 | T13: 0.85 | W13: 17.175 | X13: 0.6 | Y13: 12190.4 | Z13: 2770 | AA13: 158.61 | AB13: 9.93 | AD13: 17.375 | AE13: 0.6 | AF13: 13059.9 | AG13: 3384 | AH13: 130.02 | AI13: 10 | AK13: 17.375 | AL13: 0.6 | AM13: 13061.7 | AN13: 3384 | AO13: 101.22 | AP13: 10 | AR13: 17.375 | AS13: 0.6 | AT13: 13059.9 | AU13: 3384 | AV13: 72.42 | AW13: 10 | AY13: 17.375 | AZ13: 0.6 | BA13: 12975.8 | BB13: 3384 | BC13: 43.25 | BD13: 10.32 | BF13: 7.8 | BG13: 61776 | BH13: 60932 | BI13: 60087 | BJ13: 59243 | BK13: 58399 | BL13: 57554 | BM13: 56710 | BN13: 55866 | BO13: 55022 | BP13: 54177 | BQ13: 53332 | BR13: 52488 | BS13: 51644 | BT13: 50799 | BU13: 49955 | BV13: 49111 | BW13: 48267 | BX13: 47422 | BY13: 46578 | BZ13: 45734 | CA13: 44889 | CB13: 44045 | CC13: 43201 | CD13: 42356 | CE13: 41512 | CF13: 40668 | CG13: 39824 | CH13: 38980 | CI13: 38135 | CJ13: 37291 | CL13: 7.8 | CM13: 1.315 | CN13: 2.647 | CO13: 3.184 | CP13: 5.37 | CQ13: 8.094 | CR13: 10.059 | CS13: 11.091 | CT13: 11.623 | CU13: 11.399 | CW13: 7.8 | CX13: 1.325 | CY13: 2.667 | CZ13: 3.208 | DA13: 5.409 | DB13: 8.14 | DC13: 10.1 | DD13: 11.113 | DE13: 11.639 | DF13: 11.414
J14: VCG | K14: 11.85 | M14: W | N14: 12.279 | O14: 63116 | P14: 52072 | R14: Epp | S14: 183.25 | T14: 183.25 | W14: 16.975 | X14: 0.8 | Y14: 12108.6 | Z14: 3390 | AA14: 158.62 | AB14: 9.87 | AD14: 17.175 | AE14: 0.8 | AF14: 12963.3 | AG14: 4122 | AH14: 130.02 | AI14: 9.94 | AK14: 17.175 | AL14: 0.8 | AM14: 12965.1 | AN14: 4122 | AO14: 101.22 | AP14: 9.94 | AR14: 17.175 | AS14: 0.8 | AT14: 12963.4 | AU14: 4122 | AV14: 72.42 | AW14: 9.94 | AY14: 17.175 | AZ14: 0.8 | BA14: 12879.2 | BB14: 4120 | BC14: 43.25 | BD14: 10.26 | BF14: 7.9 | BG14: 61966 | BH14: 61110 | BI14: 60254 | BJ14: 59397 | BK14: 58541 | BL14: 57685 | BM14: 56829 | BN14: 55973 | BO14: 55117 | BP14: 54260 | BQ14: 53404 | BR14: 52547 | BS14: 51691 | BT14: 50835 | BU14: 49979 | BV14: 49123 | BW14: 48267 | BX14: 47411 | BY14: 46555 | BZ14: 45698 | CA14: 44842 | CB14: 43986 | CC14: 43130 | CD14: 42274 | CE14: 41418 | CF14: 40562 | CG14: 39705 | CH14: 38849 | CI14: 37993 | CJ14: 37137 | CL14: 7.9 | CM14: 1.308 | CN14: 2.634 | CO14: 3.168 | CP14: 5.342 | CQ14: 8.067 | CR14: 10.029 | CS14: 11.068 | CT14: 11.608 | CU14: 11.391 | CW14: 7.9 | CX14: 1.318 | CY14: 2.653 | CZ14: 3.191 | DA14: 5.381 | DB14: 8.113 | DC14: 10.071 | DD14: 11.089 | DE14: 11.624 | DF14: 11.405
B15: Total Bodegas | C15: 65752 | D15: 64437 | E15: 100.38 | F15: 0 | G15: 10.26 | W15: 16.775 | X15: 1 | Y15: 12026.1 | Z15: 4032 | AA15: 158.62 | AB15: 9.81 | AD15: 16.975 | AE15: 1 | AF15: 12867 | AG15: 4943 | AH15: 130.02 | AI15: 9.87 | AK15: 16.975 | AL15: 1 | AM15: 12868.6 | AN15: 4943 | AO15: 101.22 | AP15: 9.87 | AR15: 16.975 | AS15: 1 | AT15: 12866.8 | AU15: 4943 | AV15: 72.42 | AW15: 9.87 | AY15: 16.975 | AZ15: 1 | BA15: 12782.7 | BB15: 4934 | BC15: 43.24 | BD15: 10.19 | BF15: 8 | BG15: 62180 | BH15: 61312 | BI15: 60444 | BJ15: 59576 | BK15: 58708 | BL15: 57840 | BM15: 56972 | BN15: 56104 | BO15: 55236 | BP15: 54368 | BQ15: 53500 | BR15: 52632 | BS15: 51764 | BT15: 50896 | BU15: 50028 | BV15: 49159 | BW15: 48292 | BX15: 47423 | BY15: 46556 | BZ15: 45687 | CA15: 44819 | CB15: 43951 | CC15: 43083 | CD15: 42215 | CE15: 41347 | CF15: 40479 | CG15: 39611 | CH15: 38743 | CI15: 37875 | CJ15: 37007 | CL15: 8 | CM15: 1.302 | CN15: 2.62 | CO15: 3.152 | CP15: 5.315 | CQ15: 8.041 | CR15: 10 | CS15: 11.045 | CT15: 11.593 | CU15: 11.383 | CW15: 8 | CX15: 1.312 | CY15: 2.64 | CZ15: 3.175 | DA15: 5.353 | DB15: 8.086 | DC15: 10.041 | DD15: 11.066 | DE15: 11.609 | DF15: 11.397
J16: Calado Aereo | K16: 45.6 | W16: 16.575 | X16: 1.2 | Y16: 11942.9 | Z16: 4685 | AA16: 158.63 | AB16: 9.75 | AD16: 16.775 | AE16: 1.2 | AF16: 12770.2 | AG16: 5781 | AH16: 130.02 | AI16: 9.8 | AK16: 16.775 | AL16: 1.2 | AM16: 12772 | AN16: 5781 | AO16: 101.22 | AP16: 9.8 | AR16: 16.775 | AS16: 1.2 | AT16: 12770.3 | AU16: 5781 | AV16: 72.42 | AW16: 9.8 | AY16: 16.775 | AZ16: 1.2 | BA16: 12686.1 | BB16: 5767 | BC16: 43.24 | BD16: 10.13 | BF16: 8.1 | BG16: 62394 | BH16: 61514 | BI16: 60635 | BJ16: 59755 | BK16: 58875 | BL16: 57995 | BM16: 57115 | BN16: 56235 | BO16: 55355 | BP16: 54475 | BQ16: 53594 | BR16: 52715 | BS16: 51835 | BT16: 50955 | BU16: 50075 | BV16: 49195 | BW16: 48315 | BX16: 47435 | BY16: 46555 | BZ16: 45675 | CA16: 44795 | CB16: 43915 | CC16: 43035 | CD16: 42155 | CE16: 41275 | CF16: 40395 | CG16: 39516 | CH16: 38636 | CI16: 37756 | CJ16: 36876 | CL16: 8.1 | CM16: 1.296 | CN16: 2.608 | CO16: 3.137 | CP16: 5.289 | CQ16: 8.015 | CR16: 9.97 | CS16: 11.023 | CT16: 11.578 | CU16: 11.375 | CW16: 8.1 | CX16: 1.305 | CY16: 2.627 | CZ16: 3.159 | DA16: 5.326 | DB16: 8.06 | DC16: 10.01 | DD16: 11.043 | DE16: 11.593 | DF16: 11.388
W17: 16.375 | X17: 1.4 | Y17: 11859 | Z17: 5328 | AA17: 158.64 | AB17: 9.69 | AD17: 16.575 | AE17: 1.4 | AF17: 12673.7 | AG17: 6581 | AH17: 130.02 | AI17: 9.74 | AK17: 16.575 | AL17: 1.4 | AM17: 12675.5 | AN17: 6581 | AO17: 101.22 | AP17: 9.74 | AR17: 16.575 | AS17: 1.4 | AT17: 12673.7 | AU17: 6581 | AV17: 72.42 | AW17: 9.74 | AY17: 16.575 | AZ17: 1.4 | BA17: 12589.6 | BB17: 6565 | BC17: 43.24 | BD17: 10.06 | BF17: 8.2 | BG17: 62618 | BH17: 61726 | BI17: 60834 | BJ17: 59942 | BK17: 59051 | BL17: 58159 | BM17: 57267 | BN17: 56375 | BO17: 55483 | BP17: 54591 | BQ17: 53699 | BR17: 52807 | BS17: 51915 | BT17: 51023 | BU17: 50131 | BV17: 49239 | BW17: 48348 | BX17: 47456 | BY17: 46564 | BZ17: 45672 | CA17: 44780 | CB17: 43888 | CC17: 42996 | CD17: 42104 | CE17: 41213 | CF17: 40321 | CG17: 39429 | CH17: 38537 | CI17: 37645 | CJ17: 36754 | CL17: 8.2 | CM17: 1.29 | CN17: 2.596 | CO17: 3.122 | CP17: 5.264 | CQ17: 7.989 | CR17: 9.939 | CS17: 11.001 | CT17: 11.562 | CU17: 11.366 | CW17: 8.2 | CX17: 1.299 | CY17: 2.614 | CZ17: 3.144 | DA17: 5.301 | DB17: 8.034 | DC17: 9.979 | DD17: 11.021 | DE17: 11.577 | DF17: 11.379
W18: 16.175 | X18: 1.6 | Y18: 11774.3 | Z18: 5952 | AA18: 158.65 | AB18: 9.63 | AD18: 16.375 | AE18: 1.6 | AF18: 12577.1 | AG18: 7347 | AH18: 130.02 | AI18: 9.67 | AK18: 16.375 | AL18: 1.6 | AM18: 12578.9 | AN18: 7347 | AO18: 101.22 | AP18: 9.67 | AR18: 16.375 | AS18: 1.6 | AT18: 12577.1 | AU18: 7347 | AV18: 72.42 | AW18: 9.67 | AY18: 16.375 | AZ18: 1.6 | BA18: 12493 | BB18: 7330 | BC18: 43.24 | BD18: 10 | BF18: 8.3 | BG18: 62852 | BH18: 61949 | BI18: 61045 | BJ18: 60141 | BK18: 59237 | BL18: 58333 | BM18: 57429 | BN18: 56525 | BO18: 55622 | BP18: 54718 | BQ18: 53813 | BR18: 52910 | BS18: 52006 | BT18: 51102 | BU18: 50198 | BV18: 49294 | BW18: 48391 | BX18: 47487 | BY18: 46583 | BZ18: 45679 | CA18: 44775 | CB18: 43871 | CC18: 42967 | CD18: 42064 | CE18: 41160 | CF18: 40256 | CG18: 39352 | CH18: 38449 | CI18: 37545 | CJ18: 36641 | CL18: 8.3 | CM18: 1.284 | CN18: 2.584 | CO18: 3.108 | CP18: 5.24 | CQ18: 7.963 | CR18: 9.908 | CS18: 10.98 | CT18: 11.546 | CU18: 11.357 | CW18: 8.3 | CX18: 1.293 | CY18: 2.603 | CZ18: 3.13 | DA18: 5.276 | DB18: 8.008 | DC18: 9.948 | DD18: 10.999 | DE18: 11.56 | DF18: 11.369
W19: 15.975 | X19: 1.8 | Y19: 11688.9 | Z19: 6552 | AA19: 158.65 | AB19: 9.57 | AD19: 16.175 | AE19: 1.8 | AF19: 12480.5 | AG19: 8081 | AH19: 130.02 | AI19: 9.61 | AK19: 16.175 | AL19: 1.8 | AM19: 12482.4 | AN19: 8081 | AO19: 101.22 | AP19: 9.61 | AR19: 16.175 | AS19: 1.8 | AT19: 12480.6 | AU19: 8081 | AV19: 72.42 | AW19: 9.61 | AY19: 16.175 | AZ19: 1.8 | BA19: 12396.5 | BB19: 8061 | BC19: 43.23 | BD19: 9.94 | BF19: 8.4 | BG19: 63097 | BH19: 62181 | BI19: 61265 | BJ19: 60349 | BK19: 59433 | BL19: 58518 | BM19: 57602 | BN19: 56686 | BO19: 55770 | BP19: 54854 | BQ19: 53938 | BR19: 53022 | BS19: 52107 | BT19: 51191 | BU19: 50275 | BV19: 49359 | BW19: 48443 | BX19: 47528 | BY19: 46612 | BZ19: 45696 | CA19: 44780 | CB19: 43864 | CC19: 42948 | CD19: 42032 | CE19: 41117 | CF19: 40201 | CG19: 39285 | CH19: 38369 | CI19: 37454 | CJ19: 36538 | CL19: 8.4 | CM19: 1.279 | CN19: 2.573 | CO19: 3.095 | CP19: 5.217 | CQ19: 7.938 | CR19: 9.877 | CS19: 10.959 | CT19: 11.529 | CU19: 11.348 | CW19: 8.4 | CX19: 1.288 | CY19: 2.591 | CZ19: 3.116 | DA19: 5.253 | DB19: 7.982 | DC19: 9.916 | DD19: 10.978 | DE19: 11.543 | DF19: 11.359
B20: Water Ballast | C20: Vol 100% | D20: Vol 98% | E20: LCG | F20: TCG | G20: VCG | H20: FSM (m4) | W20: 15.775 | X20: 2 | Y20: 11603.1 | Z20: 7126 | AA20: 158.66 | AB20: 9.51 | AD20: 15.975 | AE20: 2 | AF20: 12384 | AG20: 8784 | AH20: 130.02 | AI20: 9.54 | AK20: 15.975 | AL20: 2 | AM20: 12385.8 | AN20: 8784 | AO20: 101.22 | AP20: 9.54 | AR20: 15.975 | AS20: 2 | AT20: 12384 | AU20: 8784 | AV20: 72.42 | AW20: 9.54 | AY20: 15.975 | AZ20: 2 | BA20: 12299.9 | BB20: 8761 | BC20: 43.23 | BD20: 9.87 | BF20: 8.5 | BG20: 63352 | BH20: 62424 | BI20: 61496 | BJ20: 60568 | BK20: 59640 | BL20: 58713 | BM20: 57785 | BN20: 56857 | BO20: 55929 | BP20: 55001 | BQ20: 54073 | BR20: 53145 | BS20: 52217 | BT20: 51290 | BU20: 50362 | BV20: 49434 | BW20: 48506 | BX20: 47578 | BY20: 46651 | BZ20: 45723 | CA20: 44794 | CB20: 43867 | CC20: 42939 | CD20: 42011 | CE20: 41083 | CF20: 40156 | CG20: 39228 | CH20: 38300 | CI20: 37372 | CJ20: 36445 | CL20: 8.5 | CM20: 1.274 | CN20: 2.562 | CO20: 3.082 | CP20: 5.195 | CQ20: 7.912 | CR20: 9.845 | CS20: 10.938 | CT20: 11.511 | CU20: 11.339 | CW20: 8.5 | CX20: 1.282 | CY20: 2.58 | CZ20: 3.103 | DA20: 5.23 | DB20: 7.957 | DC20: 9.883 | DD20: 10.957 | DE20: 11.526 | DF20: 11.349
B21: Fore Peak tank | C21: 1874.3 | D21: 1836.8 | E21: 179.02 | F21: 0 | G21: 9.3 | H21: 4265 | J21: Draft (m) | K21: D tm | L21: DW tm | M21: LCB (m) | N21: VCB (m) | O21: LCF (m) | P21: KMT (m) | Q21: MCT (Tm*m) | R21: TCP (Tm/cm) | S21: CB | T21: WLA (m2) | U21: WSA (m2) | W21: 15.575 | X21: 2.2 | Y21: 11516.7 | Z21: 7678 | AA21: 158.67 | AB21: 9.45 | AD21: 15.775 | AE21: 2.2 | AF21: 12287.4 | AG21: 9458 | AH21: 130.02 | AI21: 9.48 | AK21: 15.775 | AL21: 2.2 | AM21: 12289.2 | AN21: 9458 | AO21: 101.22 | AP21: 9.48 | AR21: 15.775 | AS21: 2.2 | AT21: 12287.5 | AU21: 9458 | AV21: 72.42 | AW21: 9.48 | AY21: 15.775 | AZ21: 2.2 | BA21: 12203.4 | BB21: 9430 | BC21: 43.23 | BD21: 9.81 | BF21: 8.6 | BG21: 63618 | BH21: 62678 | BI21: 61738 | BJ21: 60799 | BK21: 59859 | BL21: 58919 | BM21: 57979 | BN21: 57039 | BO21: 56099 | BP21: 55160 | BQ21: 54219 | BR21: 53279 | BS21: 52339 | BT21: 51400 | BU21: 50460 | BV21: 49520 | BW21: 48580 | BX21: 47640 | BY21: 46700 | BZ21: 45761 | CA21: 44820 | CB21: 43880 | CC21: 42941 | CD21: 42001 | CE21: 41061 | CF21: 40121 | CG21: 39181 | CH21: 38242 | CI21: 37302 | CJ21: 36362 | CL21: 8.6 | CM21: 1.269 | CN21: 2.552 | CO21: 3.069 | CP21: 5.174 | CQ21: 7.887 | CR21: 9.814 | CS21: 10.918 | CT21: 11.494 | CU21: 11.329 | CW21: 8.6 | CX21: 1.277 | CY21: 2.57 | CZ21: 3.09 | DA21: 5.208 | DB21: 7.932 | DC21: 9.851 | DD21: 10.936 | DE21: 11.508 | DF21: 11.339
B22: DB Ballast P 1 | C22: 245.5 | D22: 240.6 | E22: 157.12 | F22: -5.15 | G22: 0.91 | H22: 448 | J22: 2.5 | K22: 11203 | L22: 159 | M22: 101.38 | N22: 1.29 | O22: 100.7 | P22: 33.47 | Q22: 493.3 | R22: 48 | S22: 0.734 | T22: 4681 | U22: 5164 | W22: 15.375 | X22: 2.4 | Y22: 11426.9 | Z22: 8240 | AA22: 158.68 | AB22: 9.38 | AD22: 15.575 | AE22: 2.4 | AF22: 12185.6 | AG22: 10163 | AH22: 130.02 | AI22: 9.41 | AK22: 15.575 | AL22: 2.4 | AM22: 12187.4 | AN22: 10163 | AO22: 101.22 | AP22: 9.41 | AR22: 15.575 | AS22: 2.4 | AT22: 12185.6 | AU22: 10163 | AV22: 72.42 | AW22: 9.41 | AY22: 15.575 | AZ22: 2.4 | BA22: 12102.1 | BB22: 10125 | BC22: 43.22 | BD22: 9.75 | BF22: 8.7 | BG22: 63894 | BH22: 62942 | BI22: 61991 | BJ22: 61039 | BK22: 60087 | BL22: 59135 | BM22: 58183 | BN22: 57231 | BO22: 56279 | BP22: 55327 | BQ22: 54375 | BR22: 53423 | BS22: 52471 | BT22: 51519 | BU22: 50567 | BV22: 49615 | BW22: 48663 | BX22: 47712 | BY22: 46760 | BZ22: 45808 | CA22: 44855 | CB22: 43904 | CC22: 42952 | CD22: 42000 | CE22: 41048 | CF22: 40096 | CG22: 39144 | CH22: 38193 | CI22: 37241 | CJ22: 36289 | CL22: 8.7 | CM22: 1.264 | CN22: 2.542 | CO22: 3.057 | CP22: 5.154 | CQ22: 7.861 | CR22: 9.782 | CS22: 10.897 | CT22: 11.476 | CU22: 11.319 | CW22: 8.7 | CX22: 1.272 | CY22: 2.559 | CZ22: 3.078 | DA22: 5.187 | DB22: 7.906 | DC22: 9.818 | DD22: 10.916 | DE22: 11.489 | DF22: 11.328
B23: DB Ballast S 1 | C23: 245.5 | D23: 240.6 | E23: 157.12 | F23: 5.15 | G23: 0.91 | H23: 448 | J23: 2.6 | K23: 11683 | L23: 639 | M23: 101.38 | N23: 1.29 | O23: 100.7 | P23: 33.47 | Q23: 493.3 | R23: 48 | S23: 0.734 | T23: 4681 | U23: 5164 | W23: 15.175 | X23: 2.6 | Y23: 11333 | Z23: 8819 | AA23: 158.69 | AB23: 9.31 | AD23: 15.375 | AE23: 2.6 | AF23: 12078.3 | AG23: 10895 | AH23: 130.02 | AI23: 9.34 | AK23: 15.375 | AL23: 2.6 | AM23: 12080.1 | AN23: 10895 | AO23: 101.22 | AP23: 9.34 | AR23: 15.375 | AS23: 2.6 | AT23: 12078.4 | AU23: 10895 | AV23: 72.42 | AW23: 9.34 | AY23: 15.375 | AZ23: 2.6 | BA23: 11996 | BB23: 10841 | BC23: 43.22 | BD23: 9.68 | BF23: 8.8 | BG23: 64180 | BH23: 63216 | BI23: 62252 | BJ23: 61288 | BK23: 60324 | BL23: 59360 | BM23: 58396 | BN23: 57432 | BO23: 56468 | BP23: 55504 | BQ23: 54539 | BR23: 53575 | BS23: 52611 | BT23: 51647 | BU23: 50683 | BV23: 49719 | BW23: 48755 | BX23: 47791 | BY23: 46827 | BZ23: 45863 | CA23: 44899 | CB23: 43935 | CC23: 42971 | CD23: 42007 | CE23: 41043 | CF23: 40079 | CG23: 39115 | CH23: 38151 | CI23: 37188 | CJ23: 36224 | CL23: 8.8 | CM23: 1.259 | CN23: 2.533 | CO23: 3.046 | CP23: 5.135 | CQ23: 7.835 | CR23: 9.749 | CS23: 10.876 | CT23: 11.457 | CU23: 11.308 | CW23: 8.8 | CX23: 1.268 | CY23: 2.55 | CZ23: 3.066 | DA23: 5.167 | DB23: 7.88 | DC23: 9.784 | DD23: 10.895 | DE23: 11.47 | DF23: 11.317
B24: WT Ballast P 1 | C24: 1066.9 | D24: 1045.5 | E24: 158.83 | F24: -12.75 | G24: 7.19 | H24: 1407 | J24: 2.7 | K24: 12165 | L24: 1121 | M24: 101.32 | N24: 1.34 | O24: 100.66 | P24: 32.35 | Q24: 497.1 | R24: 48.1 | S24: 0.736 | T24: 4696 | U24: 5207 | W24: 14.975 | X24: 2.8 | Y24: 11235.7 | Z24: 9404 | AA24: 158.69 | AB24: 9.25 | AD24: 15.175 | AE24: 2.8 | AF24: 11971 | AG24: 11605 | AH24: 130.02 | AI24: 9.27 | AK24: 15.175 | AL24: 2.8 | AM24: 11972.8 | AN24: 11605 | AO24: 101.22 | AP24: 9.27 | AR24: 15.175 | AS24: 2.8 | AT24: 11971.1 | AU24: 11605 | AV24: 72.42 | AW24: 9.27 | AY24: 15.175 | AZ24: 2.8 | BA24: 11889.9 | BB24: 11535 | BC24: 43.21 | BD24: 9.62 | BF24: 8.9 | BG24: 64475 | BH24: 63499 | BI24: 62523 | BJ24: 61547 | BK24: 60571 | BL24: 59595 | BM24: 58619 | BN24: 57643 | BO24: 56666 | BP24: 55690 | BQ24: 54714 | BR24: 53738 | BS24: 52762 | BT24: 51785 | BU24: 50809 | BV24: 49833 | BW24: 48857 | BX24: 47881 | BY24: 46905 | BZ24: 45929 | CA24: 44952 | CB24: 43976 | CC24: 43000 | CD24: 42024 | CE24: 41048 | CF24: 40072 | CG24: 39096 | CH24: 38120 | CI24: 37144 | CJ24: 36168 | CL24: 8.9 | CM24: 1.255 | CN24: 2.524 | CO24: 3.035 | CP24: 5.116 | CQ24: 7.809 | CR24: 9.717 | CS24: 10.856 | CT24: 11.438 | CU24: 11.298 | CW24: 8.9 | CX24: 1.263 | CY24: 2.54 | CZ24: 3.055 | DA24: 5.148 | DB24: 7.854 | DC24: 9.751 | DD24: 10.875 | DE24: 11.451 | DF24: 11.306
B25: WT Ballast S 1 | C25: 1066.9 | D25: 1045.5 | E25: 158.83 | F25: 12.75 | G25: 7.19 | H25: 1407 | J25: 2.8 | K25: 12649 | L25: 1605 | M25: 101.29 | N25: 1.44 | O25: 100.57 | P25: 30.36 | Q25: 504.4 | R25: 48.4 | S25: 0.74 | T25: 4724 | U25: 5250 | W25: 14.775 | X25: 3 | Y25: 11133.3 | Z25: 10017 | AA25: 158.7 | AB25: 9.18 | AD25: 14.975 | AE25: 3 | AF25: 11863.7 | AG25: 12283 | AH25: 130.02 | AI25: 9.2 | AK25: 14.975 | AL25: 3 | AM25: 11865.6 | AN25: 12283 | AO25: 101.22 | AP25: 9.2 | AR25: 14.975 | AS25: 3 | AT25: 11863.8 | AU25: 12283 | AV25: 72.42 | AW25: 9.2 | AY25: 14.975 | AZ25: 3 | BA25: 11783.8 | BB25: 12196 | BC25: 43.21 | BD25: 9.55 | BF25: 9 | BG25: 64781 | BH25: 63792 | BI25: 62804 | BJ25: 61816 | BK25: 60827 | BL25: 59839 | BM25: 58851 | BN25: 57863 | BO25: 56874 | BP25: 55886 | BQ25: 54897 | BR25: 53909 | BS25: 52921 | BT25: 51933 | BU25: 50944 | BV25: 49956 | BW25: 48968 | BX25: 47980 | BY25: 46991 | BZ25: 46003 | CA25: 45014 | CB25: 44026 | CC25: 43038 | CD25: 42050 | CE25: 41062 | CF25: 40073 | CG25: 39085 | CH25: 38097 | CI25: 37109 | CJ25: 36121 | CL25: 9 | CM25: 1.251 | CN25: 2.515 | CO25: 3.025 | CP25: 5.098 | CQ25: 7.782 | CR25: 9.685 | CS25: 10.835 | CT25: 11.419 | CU25: 11.287 | CW25: 9 | CX25: 1.259 | CY25: 2.532 | CZ25: 3.044 | DA25: 5.13 | DB25: 7.827 | DC25: 9.717 | DD25: 10.855 | DE25: 11.432 | DF25: 11.295
B26: DB Ballast P 2 | C26: 607.7 | D26: 595.6 | E26: 132.91 | F26: -7.49 | G26: 1.24 | H26: 2680 | J26: 2.9 | K26: 13134 | L26: 2090 | M26: 101.26 | N26: 1.49 | O26: 100.53 | P26: 29.48 | Q26: 508 | R26: 48.6 | S26: 0.742 | T26: 4738 | U26: 5293 | W26: 14.575 | X26: 3.2 | Y26: 11027.5 | Z26: 10634 | AA26: 158.71 | AB26: 9.12 | AD26: 14.775 | AE26: 3.2 | AF26: 11756.5 | AG26: 12929 | AH26: 130.02 | AI26: 9.13 | AK26: 14.775 | AL26: 3.2 | AM26: 11758.3 | AN26: 12929 | AO26: 101.22 | AP26: 9.13 | AR26: 14.775 | AS26: 3.2 | AT26: 11756.5 | AU26: 12929 | AV26: 72.42 | AW26: 9.13 | AY26: 14.775 | AZ26: 3.2 | BA26: 11677.7 | BB26: 12825 | BC26: 43.21 | BD26: 9.48 | BF26: 9.1 | BG26: 65068 | BH26: 64067 | BI26: 63067 | BJ26: 62066 | BK26: 61066 | BL26: 60065 | BM26: 59065 | BN26: 58065 | BO26: 57064 | BP26: 56064 | BQ26: 55063 | BR26: 54062 | BS26: 53062 | BT26: 52062 | BU26: 51061 | BV26: 50061 | BW26: 49061 | BX26: 48060 | BY26: 47060 | BZ26: 46059 | CA26: 45059 | CB26: 44058 | CC26: 43058 | CD26: 42057 | CE26: 41057 | CF26: 40057 | CG26: 39056 | CH26: 38056 | CI26: 37056 | CJ26: 36056 | CL26: 9.1 | CM26: 1.247 | CN26: 2.507 | CO26: 3.015 | CP26: 5.081 | CQ26: 7.755 | CR26: 9.652 | CS26: 10.814 | CT26: 11.399 | CU26: 11.276 | CW26: 9.1 | CX26: 1.255 | CY26: 2.523 | CZ26: 3.034 | DA26: 5.112 | DB26: 7.799 | DC26: 9.684 | DD26: 10.834 | DE26: 11.412 | DF26: 11.283
B27: DB Ballast S 2 | C27: 607.7 | D27: 595.6 | E27: 132.91 | F27: 7.49 | G27: 1.24 | H27: 2680 | J27: 3 | K27: 13620 | L27: 2576 | M27: 101.24 | N27: 1.55 | O27: 100.49 | P27: 28.65 | Q27: 511.6 | R27: 48.7 | S27: 0.744 | T27: 4751 | U27: 5336 | W27: 14.375 | X27: 3.4 | Y27: 10917.6 | Z27: 11262 | AA27: 158.71 | AB27: 9.05 | AD27: 14.575 | AE27: 3.4 | AF27: 11649.2 | AG27: 13544 | AH27: 130.02 | AI27: 9.06 | AK27: 14.575 | AL27: 3.4 | AM27: 11651 | AN27: 13544 | AO27: 101.22 | AP27: 9.07 | AR27: 14.575 | AS27: 3.4 | AT27: 11649.2 | AU27: 13544 | AV27: 72.42 | AW27: 9.06 | AY27: 14.575 | AZ27: 3.4 | BA27: 11564.8 | BB27: 13504 | BC27: 43.22 | BD27: 9.41 | BF27: 9.2 | BG27: 65392 | BH27: 64379 | BI27: 63367 | BJ27: 62354 | BK27: 61342 | BL27: 60329 | BM27: 59316 | BN27: 58304 | BO27: 57291 | BP27: 56279 | BQ27: 55266 | BR27: 54253 | BS27: 53240 | BT27: 52228 | BU27: 51215 | BV27: 50203 | BW27: 49190 | BX27: 48178 | BY27: 47165 | BZ27: 46153 | CA27: 45139 | CB27: 44127 | CC27: 43114 | CD27: 42102 | CE27: 41089 | CF27: 40077 | CG27: 39064 | CH27: 38052 | CI27: 37039 | CJ27: 36027 | CL27: 9.2 | CM27: 1.243 | CN27: 2.499 | CO27: 3.005 | CP27: 5.065 | CQ27: 7.728 | CR27: 9.62 | CS27: 10.793 | CT27: 11.379 | CU27: 11.264 | CW27: 9.2 | CX27: 1.251 | CY27: 2.515 | CZ27: 3.024 | DA27: 5.095 | DB27: 7.771 | DC27: 9.65 | DD27: 10.813 | DE27: 11.392 | DF27: 11.272
B28: WT Ballast P 2 | C28: 1008.5 | D28: 988.3 | E28: 130.6 | F28: -14.86 | G28: 8.9 | H28: 90 | J28: 3.1 | K28: 14108 | L28: 3064 | M28: 101.21 | N28: 1.6 | O28: 100.45 | P28: 27.88 | Q28: 514.9 | R28: 48.8 | S28: 0.746 | T28: 4764 | U28: 5422 | W28: 14.175 | X28: 3.6 | Y28: 10802.9 | Z28: 11908 | AA28: 158.71 | AB28: 8.97 | AD28: 14.375 | AE28: 3.6 | AF28: 11541.9 | AG28: 14130 | AH28: 130.02 | AI28: 9 | AK28: 14.375 | AL28: 3.6 | AM28: 11543.7 | AN28: 14130 | AO28: 101.22 | AP28: 9 | AR28: 14.375 | AS28: 3.6 | AT28: 11542 | AU28: 14130 | AV28: 72.42 | AW28: 9 | AY28: 14.375 | AZ28: 3.6 | BA28: 11442.1 | BB28: 14281 | BC28: 43.22 | BD28: 9.34 | BF28: 9.3 | BG28: 65726 | BH28: 64701 | BI28: 63676 | BJ28: 62651 | BK28: 61627 | BL28: 60602 | BM28: 59577 | BN28: 58552 | BO28: 57528 | BP28: 56503 | BQ28: 55477 | BR28: 54452 | BS28: 53428 | BT28: 52403 | BU28: 51378 | BV28: 50353 | BW28: 49329 | BX28: 48304 | BY28: 47279 | BZ28: 46254 | CA28: 45229 | CB28: 44204 | CC28: 43179 | CD28: 42155 | CE28: 41130 | CF28: 40105 | CG28: 39081 | CH28: 38056 | CI28: 37031 | CJ28: 36007 | CL28: 9.3 | CM28: 1.239 | CN28: 2.492 | CO28: 2.996 | CP28: 5.049 | CQ28: 7.7 | CR28: 9.588 | CS28: 10.771 | CT28: 11.359 | CU28: 11.253 | CW28: 9.3 | CX28: 1.247 | CY28: 2.507 | CZ28: 3.014 | DA28: 5.079 | DB28: 7.743 | DC28: 9.617 | DD28: 10.791 | DE28: 11.372 | DF28: 11.26
B29: WT Ballast S 2 | C29: 1008.5 | D29: 988.3 | E29: 130.6 | F29: 14.86 | G29: 8.9 | H29: 90 | J29: 3.2 | K29: 14597 | L29: 3553 | M29: 101.18 | N29: 1.65 | O29: 100.41 | P29: 27.16 | Q29: 518.2 | R29: 49 | S29: 0.748 | T29: 4776 | U29: 5464 | W29: 13.975 | X29: 3.8 | Y29: 10685.1 | Z29: 12548 | AA29: 158.72 | AB29: 8.9 | AD29: 14.175 | AE29: 3.8 | AF29: 11427.6 | AG29: 14778 | AH29: 130.02 | AI29: 8.93 | AK29: 14.175 | AL29: 3.8 | AM29: 11429.4 | AN29: 14778 | AO29: 101.22 | AP29: 8.93 | AR29: 14.175 | AS29: 3.8 | AT29: 11427.7 | AU29: 14778 | AV29: 72.42 | AW29: 8.93 | AY29: 14.175 | AZ29: 3.8 | BA29: 11315.8 | BB29: 15064 | BC29: 43.23 | BD29: 9.27 | BF29: 9.4 | BG29: 66069 | BH29: 65032 | BI29: 63995 | BJ29: 62958 | BK29: 61921 | BL29: 60884 | BM29: 59847 | BN29: 58810 | BO29: 57773 | BP29: 56736 | BQ29: 55698 | BR29: 54661 | BS29: 53624 | BT29: 52587 | BU29: 51550 | BV29: 50513 | BW29: 49476 | BX29: 48439 | BY29: 47402 | BZ29: 46365 | CA29: 45327 | CB29: 44290 | CC29: 43254 | CD29: 42217 | CE29: 41180 | CF29: 40143 | CG29: 39106 | CH29: 38069 | CI29: 37032 | CJ29: 35995 | CL29: 9.4 | CM29: 1.236 | CN29: 2.484 | CO29: 2.987 | CP29: 5.034 | CQ29: 7.673 | CR29: 9.556 | CS29: 10.749 | CT29: 11.339 | CU29: 11.241 | CW29: 9.4 | CX29: 1.243 | CY29: 2.5 | CZ29: 3.005 | DA29: 5.063 | DB29: 7.714 | DC29: 9.585 | DD29: 10.769 | DE29: 11.351 | DF29: 11.248
B30: DB Ballast P 3 | C30: 607.7 | D30: 595.6 | E30: 104.11 | F30: -7.49 | G30: 1.24 | H30: 2680 | J30: 3.3 | K30: 15087 | L30: 4043 | M30: 101.16 | N30: 1.7 | O30: 100.37 | P30: 26.49 | Q30: 521.4 | R30: 49.1 | S30: 0.75 | T30: 4788 | U30: 5507 | W30: 13.775 | X30: 4 | Y30: 10564.3 | Z30: 13180 | AA30: 158.72 | AB30: 8.82 | AD30: 13.975 | AE30: 4 | AF30: 11306.4 | AG30: 15488 | AH30: 130.02 | AI30: 8.85 | AK30: 13.975 | AL30: 4 | AM30: 11308.2 | AN30: 15488 | AO30: 101.22 | AP30: 8.85 | AR30: 13.975 | AS30: 4 | AT30: 11306.4 | AU30: 15488 | AV30: 72.42 | AW30: 8.85 | AY30: 13.975 | AZ30: 4 | BA30: 11186 | BB30: 15855 | BC30: 43.23 | BD30: 9.19 | BF30: 9.5 | BG30: 66421 | BH30: 65372 | BI30: 64323 | BJ30: 63273 | BK30: 62224 | BL30: 61175 | BM30: 60125 | BN30: 59076 | BO30: 58027 | BP30: 56978 | BQ30: 55928 | BR30: 54879 | BS30: 53829 | BT30: 52780 | BU30: 51731 | BV30: 50682 | BW30: 49633 | BX30: 48583 | BY30: 47534 | BZ30: 46485 | CA30: 45435 | CB30: 44386 | CC30: 43337 | CD30: 42288 | CE30: 41238 | CF30: 40189 | CG30: 39140 | CH30: 38091 | CI30: 37042 | CJ30: 35993 | CL30: 9.5 | CM30: 1.232 | CN30: 2.477 | CO30: 2.979 | CP30: 5.02 | CQ30: 7.644 | CR30: 9.524 | CS30: 10.727 | CT30: 11.318 | CU30: 11.23 | CW30: 9.5 | CX30: 1.24 | CY30: 2.492 | CZ30: 2.997 | DA30: 5.049 | DB30: 7.685 | DC30: 9.552 | DD30: 10.747 | DE30: 11.33 | DF30: 11.236
B31: DB Ballast S 3 | C31: 607.7 | D31: 595.6 | E31: 104.11 | F31: 7.49 | G31: 1.24 | H31: 2680 | J31: 3.4 | K31: 15578 | L31: 4534 | M31: 101.13 | N31: 1.75 | O31: 100.35 | P31: 25.86 | Q31: 524.4 | R31: 49.2 | S31: 0.752 | T31: 4800 | U31: 5549 | W31: 13.575 | X31: 4.2 | Y31: 10438.1 | Z31: 13831 | AA31: 158.72 | AB31: 8.74 | AD31: 13.775 | AE31: 4.2 | AF31: 11181.1 | AG31: 16215 | AH31: 130.02 | AI31: 8.78 | AK31: 13.775 | AL31: 4.2 | AM31: 11182.9 | AN31: 16215 | AO31: 101.22 | AP31: 8.78 | AR31: 13.775 | AS31: 4.2 | AT31: 11181.2 | AU31: 16215 | AV31: 72.42 | AW31: 8.78 | AY31: 13.775 | AZ31: 4.2 | BA31: 11054.2 | BB31: 16632 | BC31: 43.24 | BD31: 9.11 | BF31: 9.6 | BG31: 66783 | BH31: 65722 | BI31: 64660 | BJ31: 63599 | BK31: 62537 | BL31: 61476 | BM31: 60414 | BN31: 59353 | BO31: 58291 | BP31: 57230 | BQ31: 56167 | BR31: 55106 | BS31: 54044 | BT31: 52983 | BU31: 51921 | BV31: 50860 | BW31: 49798 | BX31: 48737 | BY31: 47676 | BZ31: 46614 | CA31: 45552 | CB31: 44491 | CC31: 43429 | CD31: 42368 | CE31: 41306 | CF31: 40245 | CG31: 39184 | CH31: 38122 | CI31: 37061 | CJ31: 36000 | CL31: 9.6 | CM31: 1.229 | CN31: 2.471 | CO31: 2.971 | CP31: 5.006 | CQ31: 7.616 | CR31: 9.492 | CS31: 10.704 | CT31: 11.297 | CU31: 11.218 | CW31: 9.6 | CX31: 1.236 | CY31: 2.486 | CZ31: 2.989 | DA31: 5.034 | DB31: 7.656 | DC31: 9.52 | DD31: 10.724 | DE31: 11.309 | DF31: 11.224
B32: WT Ballast P 3 | C32: 1009.8 | D32: 989.6 | E32: 101.82 | F32: -14.86 | G32: 8.89 | H32: 91 | J32: 3.5 | K32: 16071 | L32: 5027 | M32: 101.11 | N32: 1.81 | O32: 100.32 | P32: 25.26 | Q32: 527.2 | R32: 49.3 | S32: 0.753 | T32: 4811 | U32: 5591 | W32: 13.375 | X32: 4.4 | Y32: 10308.4 | Z32: 14465 | AA32: 158.72 | AB32: 8.66 | AD32: 13.575 | AE32: 4.4 | AF32: 11049.8 | AG32: 16961 | AH32: 130.02 | AI32: 8.7 | AK32: 13.575 | AL32: 4.4 | AM32: 11051.6 | AN32: 16962 | AO32: 101.22 | AP32: 8.7 | AR32: 13.575 | AS32: 4.4 | AT32: 11049.9 | AU32: 16961 | AV32: 72.42 | AW32: 8.7 | AY32: 13.575 | AZ32: 4.4 | BA32: 10917 | BB32: 17420 | BC32: 43.25 | BD32: 9.03 | BF32: 9.7 | BG32: 67156 | BH32: 66082 | BI32: 65008 | BJ32: 63934 | BK32: 62860 | BL32: 61787 | BM32: 60713 | BN32: 59639 | BO32: 58565 | BP32: 57491 | BQ32: 56417 | BR32: 55343 | BS32: 54269 | BT32: 53196 | BU32: 52122 | BV32: 51048 | BW32: 49975 | BX32: 48901 | BY32: 47827 | BZ32: 46753 | CA32: 45679 | CB32: 44605 | CC32: 43532 | CD32: 42458 | CE32: 41384 | CF32: 40311 | CG32: 39237 | CH32: 38163 | CI32: 37090 | CJ32: 36016 | CL32: 9.7 | CM32: 1.226 | CN32: 2.465 | CO32: 2.963 | CP32: 4.993 | CQ32: 7.587 | CR32: 9.461 | CS32: 10.681 | CT32: 11.275 | CU32: 11.206 | CW32: 9.7 | CX32: 1.233 | CY32: 2.479 | CZ32: 2.981 | DA32: 5.021 | DB32: 7.626 | DC32: 9.489 | DD32: 10.701 | DE32: 11.287 | DF32: 11.212
B33: WT Ballast S 3 | C33: 1009.8 | D33: 989.6 | E33: 101.82 | F33: 14.86 | G33: 8.89 | H33: 91 | J33: 3.6 | K33: 16565 | L33: 5521 | M33: 101.08 | N33: 1.86 | O33: 100.28 | P33: 24.7 | Q33: 530 | R33: 49.4 | S33: 0.755 | T33: 4821 | U33: 5632 | W33: 13.175 | X33: 4.6 | Y33: 10174.7 | Z33: 15083 | AA33: 158.72 | AB33: 8.57 | AD33: 13.375 | AE33: 4.6 | AF33: 10914.5 | AG33: 17687 | AH33: 130.02 | AI33: 8.61 | AK33: 13.375 | AL33: 4.6 | AM33: 10916.3 | AN33: 17688 | AO33: 101.22 | AP33: 8.61 | AR33: 13.375 | AS33: 4.6 | AT33: 10914.6 | AU33: 17687 | AV33: 72.42 | AW33: 8.61 | AY33: 13.375 | AZ33: 4.6 | BA33: 10772.9 | BB33: 18220 | BC33: 43.25 | BD33: 8.95 | BF33: 9.8 | BG33: 67539 | BH33: 66453 | BI33: 65367 | BJ33: 64280 | BK33: 63194 | BL33: 62108 | BM33: 61022 | BN33: 59936 | BO33: 58850 | BP33: 57764 | BQ33: 56677 | BR33: 55591 | BS33: 54505 | BT33: 53419 | BU33: 52333 | BV33: 51247 | BW33: 50161 | BX33: 49075 | BY33: 47989 | BZ33: 46903 | CA33: 45816 | CB33: 44730 | CC33: 43644 | CD33: 42558 | CE33: 41473 | CF33: 40387 | CG33: 39301 | CH33: 38215 | CI33: 37129 | CJ33: 36043 | CL33: 9.8 | CM33: 1.223 | CN33: 2.459 | CO33: 2.956 | CP33: 4.981 | CQ33: 7.559 | CR33: 9.43 | CS33: 10.658 | CT33: 11.254 | CU33: 11.194 | CW33: 9.8 | CX33: 1.23 | CY33: 2.473 | CZ33: 2.973 | DA33: 5.008 | DB33: 7.596 | DC33: 9.457 | DD33: 10.677 | DE33: 11.266 | DF33: 11.199
... B45: Bodega 3 (BW) | C45: 13348.7 | D45: 13081.8 | E45: 101.22 | F45: 0 | G45: 10.21 | H45: 63150 | J45: 4.8 | K45: 22566 | L45: 11522 | M45: 100.8 | N45: 2.48 | O45: 99.71 | P45: 19.91 | Q45: 561 | R45: 50.6 | S45: 0.772 | T45: 4934 | U45: 6130 | W45: 10.775 | X45: 7 | Y45: 8322.1 | Z45: 20807 | AA45: 158.7 | AB45: 7.41 | AD45: 10.975 | AE45: 7 | AF45: 9005.7 | AG45: 24624 | AH45: 130.02 | AI45: 7.48 | AK45: 10.975 | AL45: 7 | AM45: 9007 | AN45: 24629 | AO45: 101.22 | AP45: 7.48 | AR45: 10.975 | AS45: 7 | AT45: 9005.7 | AU45: 24624 | AV45: 72.42 | AW45: 7.48 | AY45: 10.975 | AZ45: 7 | BA45: 8738.4 | BB45: 25440 | BC45: 43.39 | BD45: 7.78 | BF45: 11 | BG45: 73139 | BH45: 71904 | BI45: 70669 | BJ45: 69433 | BK45: 68198 | BL45: 66963 | BM45: 65728 | BN45: 64492 | BO45: 63257 | BP45: 62022 | BQ45: 60786 | BR45: 59551 | BS45: 58315 | BT45: 57080 | BU45: 55845 | BV45: 54610 | BW45: 53374 | BX45: 52139 | BY45: 50904 | BZ45: 49669 | CA45: 48433 | CB45: 47198 | CC45: 45963 | CD45: 44727 | CE45: 43492 | CF45: 42257 | CG45: 41022 | CH45: 39787 | CI45: 38551 | CJ45: 37316 | CL45: 11 | CM45: 1.199 | CN45: 2.408 | CO45: 2.895 | CP45: 4.874 | CQ45: 7.204 | CR45: 9.077 | CS45: 10.349 | CT45: 10.98 | CU45: 11.04 | CW45: 11 | CX45: 1.204 | CY45: 2.42 | CZ45: 2.909 | DA45: 4.895 | DB45: 7.228 | DC45: 9.093 | DD45: 10.363 | DE45: 10.991 | DF45: 11.045
J46: 4.9 | K46: 23072 | L46: 12028 | M46: 100.78 | N46: 2.53 | O46: 99.64 | P46: 19.63 | Q46: 563.6 | R46: 50.7 | S46: 0.774 | T46: 4943 | U46: 6171 | W46: 10.575 | X46: 7.2 | Y46: 8159.9 | Z46: 21142 | AA46: 158.7 | AB46: 7.31 | AD46: 10.775 | AE46: 7.2 | AF46: 8834.6 | AG46: 25097 | AH46: 130.02 | AI46: 7.38 | AK46: 10.775 | AL46: 7.2 | AM46: 8835.9 | AN46: 25101 | AO46: 101.22 | AP46: 7.38 | AR46: 10.775 | AS46: 7.2 | AT46: 8834.7 | AU46: 25097 | AV46: 72.42 | AW46: 7.38 | AY46: 10.775 | AZ46: 7.2 | BA46: 8556 | BB46: 25852 | BC46: 43.41 | BD46: 7.68 | BF46: 11.1 | BG46: 73716 | BH46: 72468 | BI46: 71221 | BJ46: 69973 | BK46: 68725 | BL46: 67477 | BM46: 66229 | BN46: 64981 | BO46: 63734 | BP46: 62486 | BQ46: 61237 | BR46: 59989 | BS46: 58742 | BT46: 57494 | BU46: 56246 | BV46: 54998 | BW46: 53750 | BX46: 52502 | BY46: 51254 | BZ46: 50007 | CA46: 48758 | CB46: 47510 | CC46: 46262 | CD46: 45015 | CE46: 43767 | CF46: 42519 | CG46: 41271 | CH46: 40023 | CI46: 38775 | CJ46: 37528 | CL46: 11.1 | CM46: 1.197 | CN46: 2.406 | CO46: 2.892 | CP46: 4.869 | CQ46: 7.174 | CR46: 9.048 | CS46: 10.321 | CT46: 10.956 | CU46: 11.027 | CW46: 11.1 | CX46: 1.203 | CY46: 2.417 | CZ46: 2.906 | DA46: 4.889 | DB46: 7.197 | DC46: 9.063 | DD46: 10.335 | DE46: 10.968 | DF46: 11.032
B47: Total Water Ballast | C47: 31480.7 | D47: 30851.5 | J47: 5 | K47: 23579 | L47: 12535 | M47: 100.76 | N47: 2.59 | O47: 99.58 | P47: 19.36 | Q47: 566.2 | R47: 50.8 | S47: 0.775 | T47: 4952 | U47: 6212 | W47: 10.375 | X47: 7.4 | Y47: 7997.7 | Z47: 21456 | AA47: 158.7 | AB47: 7.21 | AD47: 10.575 | AE47: 7.4 | AF47: 8663.6 | AG47: 25555 | AH47: 130.02 | AI47: 7.28 | AK47: 10.575 | AL47: 7.4 | AM47: 8664.9 | AN47: 25560 | AO47: 101.22 | AP47: 7.28 | AR47: 10.575 | AS47: 7.4 | AT47: 8663.6 | AU47: 25555 | AV47: 72.42 | AW47: 7.28 | AY47: 10.575 | AZ47: 7.4 | BA47: 8373.6 | BB47: 26228 | BC47: 43.42 | BD47: 7.57 | BF47: 11.2 | BG47: 74313 | BH47: 73053 | BI47: 71792 | BJ47: 70532 | BK47: 69271 | BL47: 68011 | BM47: 66751 | BN47: 65490 | BO47: 64230 | BP47: 62969 | BQ47: 61708 | BR47: 60448 | BS47: 59187 | BT47: 57927 | BU47: 56666 | BV47: 55406 | BW47: 54145 | BX47: 52885 | BY47: 51624 | BZ47: 50364 | CA47: 49102 | CB47: 47842 | CC47: 46581 | CD47: 45321 | CE47: 44060 | CF47: 42800 | CG47: 41539 | CH47: 40279 | CI47: 39018 | CJ47: 37757 | CL47: 11.2 | CM47: 1.196 | CN47: 2.403 | CO47: 2.889 | CP47: 4.863 | CQ47: 7.145 | CR47: 9.019 | CS47: 10.293 | CT47: 10.933 | CU47: 11.014 | CW47: 11.2 | CX47: 1.202 | CY47: 2.415 | CZ47: 2.903 | DA47: 4.883 | DB47: 7.166 | DC47: 9.034 | DD47: 10.306 | DE47: 10.944 | DF47: 11.019
J48: 5.1 | K48: 24087 | L48: 13043 | M48: 100.73 | N48: 2.64 | O48: 99.5 | P48: 19.1 | Q48: 568.8 | R48: 50.9 | S48: 0.777 | T48: 4961 | U48: 6253 | W48: 10.175 | X48: 7.6 | Y48: 7835.5 | Z48: 21751 | AA48: 158.7 | AB48: 7.11 | AD48: 10.375 | AE48: 7.6 | AF48: 8492.6 | AG48: 26000 | AH48: 130.02 | AI48: 7.18 | AK48: 10.375 | AL48: 7.6 | AM48: 8493.8 | AN48: 26005 | AO48: 101.22 | AP48: 7.18 | AR48: 10.375 | AS48: 7.6 | AT48: 8492.6 | AU48: 26000 | AV48: 72.42 | AW48: 7.18 | AY48: 10.375 | AZ48: 7.6 | BA48: 8191.2 | BB48: 26570 | BC48: 43.44 | BD48: 7.47 | BF48: 11.3 | BG48: 74930 | BH48: 73657 | BI48: 72384 | BJ48: 71111 | BK48: 69837 | BL48: 68564 | BM48: 67290 | BN48: 66017 | BO48: 64743 | BP48: 63469 | BQ48: 62195 | BR48: 60921 | BS48: 59648 | BT48: 58374 | BU48: 57100 | BV48: 55833 | BW48: 54560 | BX48: 53287 | BY48: 52014 | BZ48: 50741 | CA48: 49468 | CB48: 48195 | CC48: 46921 | CD48: 45648 | CE48: 44375 | CF48: 43102 | CG48: 41829 | CH48: 40556 | CI48: 39283 | CJ48: 38010 | CL48: 11.3 | CM48: 1.195 | CN48: 2.401 | CO48: 2.887 | CP48: 4.858 | CQ48: 7.116 | CR48: 8.99 | CS48: 10.264 | CT48: 10.909 | CU48: 11.001 | CW48: 11.3 | CX48: 1.201 | CY48: 2.412 | CZ48: 2.9 | DA48: 4.877 | DB48: 7.136 | DC48: 9.004 | DD48: 10.277 | DE48: 10.92 | DF48: 11.006
J49: 5.2 | K49: 24596 | L49: 13552 | M49: 100.7 | N49: 2.69 | O49: 99.43 | P49: 18.85 | Q49: 571.4 | R49: 50.9 | S49: 0.777 | T49: 4969 | U49: 6294 | W49: 9.975 | X49: 7.8 | Y49: 7673.3 | Z49: 22029 | AA49: 158.69 | AB49: 7.01 | AD49: 10.175 | AE49: 7.8 | AF49: 8321.5 | AG49: 26430 | AH49: 130.02 | AI49: 7.08 | AK49: 10.175 | AL49: 7.8 | AM49: 8322.7 | AN49: 26435 | AO49: 101.22 | AP49: 7.08 | AR49: 10.175 | AS49: 7.8 | AT49: 8321.6 | AU49: 26430 | AV49: 72.42 | AW49: 7.08 | AY49: 10.175 | AZ49: 7.8 | BA49: 8008.8 | BB49: 26880 | BC49: 43.46 | BD49: 7.36 | BF49: 11.4 | BG49: 75569 | BH49: 74283 | BI49: 72997 | BJ49: 71712 | BK49: 70425 | BL49: 69139 | BM49: 67853 | BN49: 66567 | BO49: 65281 | BP49: 63995 | BQ49: 62709 | BR49: 61422 | BS49: 60136 | BT49: 58850 | BU49: 57564 | BV49: 56278 | BW49: 54992 | BX49: 53705 | BY49: 52419 | BZ49: 51133 | CA49: 49846 | CB49: 48560 | CC49: 47273 | CD49: 45987 | CE49: 44701 | CF49: 43414 | CG49: 42128 | CH49: 40842 | CI49: 39552 | CJ49: 38265 | CL49: 11.4 | CM49: 1.194 | CN49: 2.399 | CO49: 2.884 | CP49: 4.854 | CQ49: 7.087 | CR49: 8.961 | CS49: 10.236 | CT49: 10.885 | CU49: 10.988 | CW49: 11.4 | CX49: 1.2 | CY49: 2.41 | CZ49: 2.897 | DA49: 4.872 | DB49: 7.105 | DC49: 8.974 | DD49: 10.247 | DE49: 10.896 | DF49: 10.993
J50: 5.3 | K50: 25106 | L50: 14062 | M50: 100.68 | N50: 2.74 | O50: 99.35 | P50: 18.62 | Q50: 574 | R50: 51 | S50: 0.779 | T50: 4978 | U50: 6335 | W50: 9.775 | X50: 8 | Y50: 7511 | Z50: 22288 | AA50: 158.69 | AB50: 6.91 | AD50: 9.975 | AE50: 8 | AF50: 8150.5 | AG50: 26842 | AH50: 130.02 | AI50: 6.98 | AK50: 9.975 | AL50: 8 | AM50: 8151.6 | AN50: 26848 | AO50: 101.22 | AP50: 6.98 | AR50: 9.975 | AS50: 8 | AT50: 8150.5 | AU50: 26843 | AV50: 72.42 | AW50: 6.98 | AY50: 9.975 | AZ50: 8 | BA50: 7826.4 | BB50: 27155 | BC50: 43.48 | BD50: 7.25 | BF50: 11.5 | BG50: 76740 | BH50: 75446 | BI50: 74151 | BJ50: 72857 | BK50: 71563 | BL50: 69734 | BM50: 68435 | BN50: 67135 | BO50: 65835 | BP50: 64541 | BQ50: 63242 | BR50: 61943 | BS50: 60644 | BT50: 59345 | BU50: 58046 | BV50: 56747 | BW50: 55448 | BX50: 54149 | BY50: 52849 | BZ50: 51550 | CA50: 50250 | CB50: 48951 | CC50: 47652 | CD50: 46352 | CE50: 45053 | CF50: 43754 | CG50: 42455 | CH50: 41155 | CI50: 39856 | CJ50: 38556 | CL50: 11.5 | CM50: 1.193 | CN50: 2.397 | CO50: 2.882 | CP50: 4.849 | CQ50: 7.058 | CR50: 8.931 | CS50: 10.207 | CT50: 10.861 | CU50: 10.975 | CW50: 11.5 | CX50: 1.199 | CY50: 2.408 | CZ50: 2.895 | DA50: 4.867 | DB50: 7.075 | DC50: 8.944 | DD50: 10.218 | DE50: 10.872 | DF50: 10.98
J51: 5.4 | K51: 25617 | L51: 14573 | M51: 100.65 | N51: 2.79 | O51: 99.27 | P51: 18.4 | Q51: 576.7 | R51: 51.1 | S51: 0.78 | T51: 4987 | U51: 6377 | W51: 9.575 | X51: 8.2 | Y51: 7348.8 | Z51: 22528 | AA51: 158.69 | AB51: 6.81 | AD51: 9.775 | AE51: 8.2 | AF51: 7979.4 | AG51: 27234 | AH51: 130.02 | AI51: 6.87 | AK51: 9.775 | AL51: 8.2 | AM51: 7980.6 | AN51: 27239 | AO51: 101.22 | AP51: 6.87 | AR51: 9.775 | AS51: 8.2 | AT51: 7979.5 | AU51: 27234 | AV51: 72.42 | AW51: 6.87 | AY51: 9.775 | AZ51: 8.2 | BA51: 7644 | BB51: 27398 | BC51: 43.5 | BD51: 7.15 | BF51: 11.6 | BG51: 77352 | BH51: 76045 | BI51: 74738 | BJ51: 73432 | BK51: 72125 | BL51: 70818 | BM51: 69511 | BN51: 68204 | BO51: 66898 | BP51: 65591 | BQ51: 63759 | BR51: 62447 | BS51: 61135 | BT51: 59823 | BU51: 58511 | BV51: 57199 | BW51: 55887 | BX51: 54576 | BY51: 53263 | BZ51: 51952 | CA51: 50639 | CB51: 49327 | CC51: 48015 | CD51: 46703 | CE51: 45391 | CF51: 44080 | CG51: 42768 | CH51: 41456 | CI51: 40144 | CJ51: 38832 | CL51: 11.6 | CM51: 1.193 | CN51: 2.396 | CO51: 2.88 | CP51: 4.846 | CQ51: 7.03 | CR51: 8.901 | CS51: 10.177 | CT51: 10.837 | CU51: 10.961 | CW51: 11.6 | CX51: 1.198 | CY51: 2.406 | CZ51: 2.892 | DA51: 4.863 | DB51: 7.046 | DC51: 8.913 | DD51: 10.188 | DE51: 10.848 | DF51: 10.967
B52: Heavy Fuel Oil | C52: Vol 100% | D52: Vol 98% | E52: LCG | F52: TCG | G52: VCG | H52: FSM (m4) | J52: 5.5 | K52: 26129 | L52: 15085 | M52: 100.62 | N52: 2.85 | O52: 99.19 | P52: 18.18 | Q52: 579.4 | R52: 51.2 | S52: 0.781 | T52: 4996 | U52: 6418 | W52: 9.375 | X52: 8.4 | Y52: 7186.6 | Z52: 22749 | AA52: 158.69 | AB52: 6.71 | AD52: 9.575 | AE52: 8.4 | AF52: 7808.4 | AG52: 27604 | AH52: 130.02 | AI52: 6.77 | AK52: 9.575 | AL52: 8.4 | AM52: 7809.5 | AN52: 27610 | AO52: 101.22 | AP52: 6.77 | AR52: 9.575 | AS52: 8.4 | AT52: 7808.4 | AU52: 27604 | AV52: 72.42 | AW52: 6.77 | AY52: 9.575 | AZ52: 8.4 | BA52: 7461.6 | BB52: 27609 | BC52: 43.52 | BD52: 7.04 | BF52: 11.7 | BG52: 77975 | BH52: 76656 | BI52: 75336 | BJ52: 74017 | BK52: 72698 | BL52: 71378 | BM52: 70059 | BN52: 68740 | BO52: 67421 | BP52: 66101 | BQ52: 64262 | BR52: 62936 | BS52: 61610 | BT52: 60284 | BU52: 58958 | BV52: 57632 | BW52: 56306 | BX52: 54980 | BY52: 53654 | BZ52: 52328 | CA52: 51001 | CB52: 49675 | CC52: 48349 | CD52: 47023 | CE52: 45697 | CF52: 44371 | CG52: 43045 | CH52: 41719 | CI52: 40393 | CJ52: 39067 | CL52: 11.7 | CM52: 1.192 | CN52: 2.394 | CO52: 2.878 | CP52: 4.842 | CQ52: 7.003 | CR52: 8.871 | CS52: 10.147 | CT52: 10.812 | CU52: 10.948 | CW52: 11.7 | CX52: 1.197 | CY52: 2.404 | CZ52: 2.89 | DA52: 4.859 | DB52: 7.018 | DC52: 8.882 | DD52: 10.157 | DE52: 10.823 | DF52: 10.954
B53: HFO Deep P 1 | C53: 433.9 | D53: 425.3 | E53: 23.89 | F53: -9.91 | G53: 12.56 | H53: 355 | J53: 5.6 | K53: 26641 | L53: 15597 | M53: 100.59 | N53: 2.9 | O53: 99.11 | P53: 17.98 | Q53: 582.1 | R53: 51.3 | S53: 0.782 | T53: 5004 | U53: 6459 | W53: 9.175 | X53: 8.6 | Y53: 7024.4 | Z53: 22954 | AA53: 158.69 | AB53: 6.6 | AD53: 9.375 | AE53: 8.6 | AF53: 7637.4 | AG53: 27954 | AH53: 130.01 | AI53: 6.67 | AK53: 9.375 | AL53: 8.6 | AM53: 7638.4 | AN53: 27960 | AO53: 101.22 | AP53: 6.67 | AR53: 9.375 | AS53: 8.6 | AT53: 7637.4 | AU53: 27954 | AV53: 72.42 | AW53: 6.67 | AY53: 9.375 | AZ53: 8.6 | BA53: 7279.2 | BB53: 27790 | BC53: 43.54 | BD53: 6.94 | BF53: 11.8 | BG53: 78605 | BH53: 77273 | BI53: 75941 | BJ53: 74610 | BK53: 73278 | BL53: 71946 | BM53: 70614 | BN53: 69282 | BO53: 67950 | BP53: 66619 | BQ53: 65286 | BR53: 63954 | BS53: 62622 | BT53: 61290 | BU53: 59457 | BV53: 58118 | BW53: 56780 | BX53: 55441 | BY53: 54102 | BZ53: 52763 | CA53: 51424 | CB53: 50086 | CC53: 48747 | CD53: 47408 | CE53: 46069 | CF53: 44730 | CG53: 43391 | CH53: 42053 | CI53: 40714 | CJ53: 39375 | CL53: 11.8 | CM53: 1.191 | CN53: 2.393 | CO53: 2.877 | CP53: 4.838 | CQ53: 6.976 | CR53: 8.84 | CS53: 10.117 | CT53: 10.788 | CU53: 10.935 | CW53: 11.8 | CX53: 1.196 | CY53: 2.403 | CZ53: 2.889 | DA53: 4.854 | DB53: 6.99 | DC53: 8.85 | DD53: 10.127 | DE53: 10.799 | DF53: 10.941
B54: HFO Deep S 1 | C54: 343.4 | D54: 336.5 | E54: 24.07 | F54: 10.62 | G54: 12.31 | H54: 211 | J54: 5.7 | K54: 27155 | L54: 16111 | M54: 100.56 | N54: 2.95 | O54: 99.02 | P54: 17.78 | Q54: 584.8 | R54: 51.4 | S54: 0.783 | T54: 5013 | U54: 6500 | W54: 8.975 | X54: 8.8 | Y54: 6862.2 | Z54: 23143 | AA54: 158.69 | AB54: 6.5 | AD54: 9.175 | AE54: 8.8 | AF54: 7466.3 | AG54: 28285 | AH54: 130.01 | AI54: 6.57 | AK54: 9.175 | AL54: 8.8 | AM54: 7467.3 | AN54: 28291 | AO54: 101.22 | AP54: 6.57 | AR54: 9.175 | AS54: 8.8 | AT54: 7466.4 | AU54: 28285 | AV54: 72.42 | AW54: 6.57 | AY54: 9.175 | AZ54: 8.8 | BA54: 7096.9 | BB54: 27946 | BC54: 43.56 | BD54: 6.83 | BF54: 11.9 | BG54: 79239 | BH54: 77895 | BI54: 76550 | BJ54: 75206 | BK54: 73861 | BL54: 72517 | BM54: 71173 | BN54: 69828 | BO54: 68484 | BP54: 67140 | BQ54: 65795 | BR54: 64450 | BS54: 63106 | BT54: 61761 | BU54: 60417 | BV54: 59073 | BW54: 57728 | BX54: 56384 | BY54: 55040 | BZ54: 53223 | CA54: 51871 | CB54: 50520 | CC54: 49169 | CD54: 47820 | CE54: 46473 | CF54: 45127 | CG54: 43781 | CH54: 42435 | CI54: 41090 | CJ54: 39744 | CL54: 11.9 | CM54: 1.191 | CN54: 2.392 | CO54: 2.876 | CP54: 4.834 | CQ54: 6.95 | CR54: 8.809 | CS54: 10.087 | CT54: 10.764 | CU54: 10.922 | CW54: 11.9 | CX54: 1.196 | CY54: 2.402 | CZ54: 2.887 | DA54: 4.849 | DB54: 6.963 | DC54: 8.819 | DD54: 10.096 | DE54: 10.774 | DF54: 10.928
B55: HFO Deep P 2 | C55: 533.2 | D55: 522.5 | E55: 17.92 | F55: -9.46 | G55: 12.38 | H55: 592 | J55: 5.8 | K55: 27669 | L55: 16625 | M55: 100.53 | N55: 3 | O55: 98.92 | P55: 17.59 | Q55: 587.6 | R55: 51.5 | S55: 0.784 | T55: 5022 | U55: 6542 | W55: 8.775 | X55: 9 | Y55: 6700 | Z55: 23318 | AA55: 158.69 | AB55: 6.4 | AD55: 8.975 | AE55: 9 | AF55: 7295.3 | AG55: 28596 | AH55: 130.01 | AI55: 6.47 | AK55: 8.975 | AL55: 9 | AM55: 7296.3 | AN55: 28602 | AO55: 101.22 | AP55: 6.47 | AR55: 8.975 | AS55: 9 | AT55: 7295.3 | AU55: 28596 | AV55: 72.42 | AW55: 6.47 | AY55: 8.975 | AZ55: 9 | BA55: 6914.5 | BB55: 28078 | BC55: 43.58 | BD55: 6.72 | BF55: 12 | BG55: 79873 | BH55: 78516 | BI55: 77160 | BJ55: 75803 | BK55: 74446 | BL55: 73089 | BM55: 71732 | BN55: 70375 | BO55: 69018 | BP55: 67661 | BQ55: 66303 | BR55: 64946 | BS55: 63589 | BT55: 62233 | BU55: 60876 | BV55: 59519 | BW55: 58162 | BX55: 56805 | BY55: 55050 | BZ55: 53691 | CA55: 52331 | CB55: 50972 | CC55: 49613 | CD55: 48254 | CE55: 46895 | CF55: 45537 | CG55: 44178 | CH55: 42820 | CI55: 41461 | CJ55: 40103 | CL55: 12 | CM55: 1.19 | CN55: 2.391 | CO55: 2.875 | CP55: 4.829 | CQ55: 6.924 | CR55: 8.778 | CS55: 10.056 | CT55: 10.739 | CU55: 10.909 | CW55: 12 | CX55: 1.195 | CY55: 2.401 | CZ55: 2.886 | DA55: 4.844 | DB55: 6.937 | DC55: 8.786 | DD55: 10.065 | DE55: 10.749 | DF55: 10.915
B56: HFO Deep S 2 | C56: 474.2 | D56: 464.7 | E56: 17.47 | F56: 9.93 | G56: 12.39 | H56: 494 | J56: 5.9 | K56: 28184 | L56: 17140 | M56: 100.5 | N56: 3.05 | O56: 98.83 | P56: 17.41 | Q56: 590.4 | R56: 51.6 | S56: 0.785 | T56: 5030 | U56: 6583 | W56: 8.575 | X56: 9.2 | Y56: 6537.8 | Z56: 23480 | AA56: 158.69 | AB56: 6.3 | AD56: 8.775 | AE56: 9.2 | AF56: 7124.3 | AG56: 28886 | AH56: 130.01 | AI56: 6.37 | AK56: 8.775 | AL56: 9.2 | AM56: 7125.2 | AN56: 28892 | AO56: 101.22 | AP56: 6.37 | AR56: 8.775 | AS56: 9.2 | AT56: 7124.3 | AU56: 28886 | AV56: 72.42 | AW56: 6.37 | AY56: 8.775 | AZ56: 9.2 | BA56: 6732.2 | BB56: 28185 | BC56: 43.61 | BD56: 6.61 | BF56: 12.1 | BG56: 80507 | BH56: 79138 | BI56: 77768 | BJ56: 76399 | BK56: 75029 | BL56: 73660 | BM56: 72004 | BN56: 70629 | BO56: 69254 | BP56: 67880 | BQ56: 66504 | BR56: 65130 | BS56: 63755 | BT56: 62382 | BU56: 61010 | BV56: 59637 | BW56: 58264 | BX56: 56892 | BY56: 55519 | BZ56: 54147 | CA56: 52774 | CB56: 51401 | CC56: 50029 | CD56: 48656 | CE56: 47284 | CF56: 45912 | CG56: 44539 | CH56: 43167 | CI56: 41795 | CJ56: 40423 | CL56: 12.1 | CM56: 1.19 | CN56: 2.391 | CO56: 2.874 | CP56: 4.824 | CQ56: 6.899 | CR56: 8.746 | CS56: 10.025 | CT56: 10.714 | CU56: 10.896 | CW56: 12.1 | CX56: 1.195 | CY56: 2.4 | CZ56: 2.884 | DA56: 4.838 | DB56: 6.911 | DC56: 8.754 | DD56: 10.033 | DE56: 10.724 | DF56: 10.902
B57: HFO Service Tk 1 | C57: 45.2 | D57: 44.3 | E57: 22.4 | F57: 7.19 | G57: 13.5 | H57: 4 | J57: 6 | K57: 28700 | L57: 17656 | M57: 100.47 | N57: 3.11 | O57: 98.73 | P57: 17.24 | Q57: 593.2 | R57: 51.7 | S57: 0.786 | T57: 5039 | U57: 6624 | W57: 8.375 | X57: 9.4 | Y57: 6375.6 | Z57: 23631 | AA57: 158.69 | AB57: 6.2 | AD57: 8.575 | AE57: 9.4 | AF57: 6953.2 | AG57: 29160 | AH57: 130.01 | AI57: 6.27 | AK57: 8.575 | AL57: 9.4 | AM57: 6954.1 | AN57: 29166 | AO57: 101.22 | AP57: 6.27 | AR57: 8.575 | AS57: 9.4 | AT57: 6953.3 | AU57: 29160 | AV57: 72.42 | AW57: 6.27 | AY57: 8.575 | AZ57: 9.4 | BA57: 6550 | BB57: 28265 | BC57: 43.63 | BD57: 6.5 | BF57: 12.2 | BG57: 81140 | BH57: 79758 | BI57: 78376 | BJ57: 76994 | BK57: 75612 | BL57: 74011 | BM57: 72623 | BN57: 71235 | BO57: 69848 | BP57: 68460 | BQ57: 67072 | BR57: 65685 | BS57: 64299 | BT57: 62914 | BU57: 61528 | BV57: 60142 | BW57: 58756 | BX57: 57370 | BY57: 55984 | BZ57: 54598 | CA57: 53211 | CB57: 51825 | CC57: 50439 | CD57: 49053 | CE57: 47667 | CF57: 46281 | CG57: 44895 | CH57: 43509 | CI57: 42123 | CJ57: 40737 | CL57: 12.2 | CM57: 1.19 | CN57: 2.39 | CO57: 2.873 | CP57: 4.818 | CQ57: 6.875 | CR57: 8.714 | CS57: 9.994 | CT57: 10.689 | CU57: 10.883 | CW57: 12.2 | CX57: 1.194 | CY57: 2.399 | CZ57: 2.884 | DA57: 4.831 | DB57: 6.885 | DC57: 8.722 | DD57: 10.002 | DE57: 10.698 | DF57: 10.889
B58: HFO Service Tk 2 | C58: 45.2 | D58: 44.3 | E58: 20.8 | F58: 7.19 | G58: 13.5 | H58: 4 | J58: 6.1 | K58: 29217 | L58: 18173 | M58: 100.44 | N58: 3.16 | O58: 98.63 | P58: 17.08 | Q58: 596 | R58: 51.7 | S58: 0.788 | T58: 5048 | U58: 6666 | W58: 8.175 | X58: 9.6 | Y58: 6213.4 | Z58: 23766 | AA58: 158.69 | AB58: 6.1 | AD58: 8.375 | AE58: 9.6 | AF58: 6782.2 | AG58: 29417 | AH58: 130.01 | AI58: 6.16 | AK58: 8.375 | AL58: 9.6 | AM58: 6783 | AN58: 29423 | AO58: 101.22 | AP58: 6.16 | AR58: 8.375 | AS58: 9.6 | AT58: 6782.2 | AU58: 29417 | AV58: 72.42 | AW58: 6.16 | AY58: 8.375 | AZ58: 9.6 | BA58: 6367.8 | BB58: 28315 | BC58: 43.66 | BD58: 6.4 | BF58: 12.3 | BG58: 81911 | BH58: 80510 | BI58: 79108 | BJ58: 77707 | BK58: 76306 | BL58: 74904 | BM58: 73503 | BN58: 72101 | BO58: 70700 | BP58: 69298 | BQ58: 67897 | BR58: 66496 | BS58: 65100 | BT58: 63703 | BU58: 62046 | BV58: 60646 | BW58: 59247 | BX58: 57848 | BY58: 56448 | BZ58: 55048 | CA58: 53648 | CB58: 52248 | CC58: 50849 | CD58: 49449 | CE58: 48049 | CF58: 46649 | CG58: 45250 | CH58: 43850 | CI58: 42450 | CJ58: 41050 | CL58: 12.3 | CM58: 1.19 | CN58: 2.39 | CO58: 2.873 | CP58: 4.811 | CQ58: 6.851 | CR58: 8.683 | CS58: 9.962 | CT58: 10.664 | CU58: 10.869 | CW58: 12.3 | CX58: 1.194 | CY58: 2.398 | CZ58: 2.883 | DA58: 4.823 | DB58: 6.86 | DC58: 8.689 | DD58: 9.97 | DE58: 10.673 | DF58: 10.876
B59: HFO Settling Tk 1 | C59: 45.2 | D59: 44.3 | E59: 24 | F59: 7.19 | G59: 13.5 | H59: 4 | J59: 6.2 | K59: 29735 | L59: 18691 | M59: 100.41 | N59: 3.21 | O59: 98.27 | P59: 16.97 | Q59: 604.2 | R59: 52 | S59: 0.789 | T59: 5074 | U59: 6725 | W59: 7.975 | X59: 9.8 | Y59: 6051.2 | Z59: 23881 | AA59: 158.68 | AB59: 5.99 | AD59: 8.175 | AE59: 9.8 | AF59: 6611.2 | AG59: 29649 | AH59: 130.01 | AI59: 6.06 | AK59: 8.175 | AL59: 9.8 | AM59: 6612 | AN59: 29655 | AO59: 101.22 | AP59: 6.06 | AR59: 8.175 | AS59: 9.8 | AT59: 6611.2 | AU59: 29649 | AV59: 72.42 | AW59: 6.06 | AY59: 8.175 | AZ59: 9.8 | BA59: 6186 | BB59: 28325 | BC59: 43.69 | BD59: 6.29 | BF59: 12.4 | BG59: 82609 | BH59: 81201 | BI59: 79793 | BJ59: 78384 | BK59: 76976 | BL59: 75567 | BM59: 74159 | BN59: 72750 | BO59: 71341 | BP59: 69930 | BQ59: 68514 | BR59: 67099 | BS59: 65684 | BT59: 64270 | BU59: 62859 | BV59: 61449 | BW59: 60039 | BX59: 58629 | BY59: 57219 | BZ59: 55808 | CA59: 54398 | CB59: 52987 | CC59: 51577 | CD59: 50166 | CE59: 48757 | CF59: 47021 | CG59: 45607 | CH59: 44193 | CI59: 42780 | CJ59: 41365 | CL59: 12.4 | CM59: 1.19 | CN59: 2.39 | CO59: 2.872 | CP59: 4.804 | CQ59: 6.828 | CR59: 8.65 | CS59: 9.93 | CT59: 10.639 | CU59: 10.856 | CW59: 12.4 | CX59: 1.194 | CY59: 2.398 | CZ59: 2.882 | DA59: 4.815 | DB59: 6.836 | DC59: 8.656 | DD59: 9.938 | DE59: 10.647 | DF59: 10.862
B60: HFO Settling Tk 2 | C60: 45.2 | D60: 44.3 | E60: 19.2 | F60: 7.19 | G60: 13.5 | H60: 4 | J60: 6.3 | K60: 30256 | L60: 19212 | M60: 100.37 | N60: 3.26 | O60: 98.16 | P60: 16.82 | Q60: 607.1 | R60: 52.1 | S60: 0.79 | T60: 5083 | U60: 6767 | W60: 7.775 | X60: 10 | Y60: 5888.9 | Z60: 23973 | AA60: 158.68 | AB60: 5.89 | AD60: 7.975 | AE60: 10 | AF60: 6440.1 | AG60: 29848 | AH60: 130.01 | AI60: 5.96 | AK60: 7.975 | AL60: 10 | AM60: 6440.9 | AN60: 29853 | AO60: 101.22 | AP60: 5.96 | AR60: 7.975 | AS60: 10 | AT60: 6440.1 | AU60: 29848 | AV60: 72.41 | AW60: 5.96 | AY60: 7.975 | AZ60: 10 | BA60: 6004.6 | BB60: 28291 | BC60: 43.72 | BD60: 6.18 | BF60: 12.5 | BG60: 83239 | BH60: 81818 | BI60: 80397 | BJ60: 78977 | BK60: 77556 | BL60: 76135 | BM60: 74714 | BN60: 73293 | BO60: 71872 | BP60: 70451 | BQ60: 69030 | BR60: 67608 | BS60: 66187 | BT60: 64765 | BU60: 63344 | BV60: 61922 | BW60: 60501 | BX60: 59079 | BY60: 57657 | BZ60: 56235 | CA60: 54812 | CB60: 53389 | CC60: 51967 | CD60: 50544 | CE60: 49122 | CF60: 47701 | CG60: 46279 | CH60: 44857 | CI60: 43435 | CJ60: 42013 | CL60: 12.5 | CM60: 1.19 | CN60: 2.39 | CO60: 2.872 | CP60: 4.796 | CQ60: 6.805 | CR60: 8.618 | CS60: 9.898 | CT60: 10.613 | CU60: 10.843 | CW60: 12.5 | CX60: 1.194 | CY60: 2.398 | CZ60: 2.882 | DA60: 4.807 | DB60: 6.811 | DC60: 8.623 | DD60: 9.905 | DE60: 10.621 | DF60: 10.849
B61: HFO Overflow Tk | C61: 38.5 | D61: 37.7 | E61: 22.69 | F61: 3.19 | G61: 1.31 | H61: 27 | J61: 6.4 | K61: 30778 | L61: 19733 | M61: 100.33 | N61: 3.31 | O61: 98.05 | P61: 16.67 | Q61: 610.1 | R61: 52.2 | S61: 0.791 | T61: 5092 | U61: 6808 | W61: 7.575 | X61: 10.2 | Y61: 5726.7 | Z61: 24040 | AA61: 158.68 | AB61: 5.79 | AD61: 7.775 | AE61: 10.2 | AF61: 6269.1 | AG61: 30012 | AH61: 130.01 | AI61: 5.86 | AK61: 7.775 | AL61: 10.2 | AM61: 6269.8 | AN61: 30018 | AO61: 101.22 | AP61: 5.86 | AR61: 7.775 | AS61: 10.2 | AT61: 6269.1 | AU61: 30012 | AV61: 72.41 | AW61: 5.86 | AY61: 7.775 | AZ61: 10.2 | BA61: 5823.7 | BB61: 28213 | BC61: 43.75 | BD61: 6.07 | BF61: 12.6 | BG61: 83657 | BH61: 82224 | BI61: 80791 | BJ61: 79566 | BK61: 78133 | BL61: 76699 | BM61: 75266 | BN61: 73833 | BO61: 72400 | BP61: 70966 | BQ61: 69532 | BR61: 68099 | BS61: 66665 | BT61: 65232 | BU61: 63798 | BV61: 62364 | BW61: 60930 | BX61: 59496 | BY61: 58062 | BZ61: 56627 | CA61: 55192 | CB61: 53758 | CC61: 52323 | CD61: 50665 | CE61: 49227 | CF61: 47790 | CG61: 46353 | CH61: 44917 | CI61: 43480 | CJ61: 42044 | CL61: 12.6 | CM61: 1.19 | CN61: 2.39 | CO61: 2.872 | CP61: 4.787 | CQ61: 6.782 | CR61: 8.586 | CS61: 9.866 | CT61: 10.587 | CU61: 10.83 | CW61: 12.6 | CX61: 1.194 | CY61: 2.398 | CZ61: 2.881 | DA61: 4.797 | DB61: 6.788 | DC61: 8.59 | DD61: 9.873 | DE61: 10.595 | DF61: 10.836
J62: 6.5 | K62: 31300 | L62: 20256 | M62: 100.29 | N62: 3.37 | O62: 97.93 | P62: 16.53 | Q62: 613.1 | R62: 52.3 | S62: 0.792 | T62: 5101 | U62: 6850 | W62: 7.375 | X62: 10.4 | Y62: 5564.5 | Z62: 24080 | AA62: 158.68 | AB62: 5.69 | AD62: 7.575 | AE62: 10.4 | AF62: 6098 | AG62: 30142 | AH62: 130.01 | AI62: 5.76 | AK62: 7.575 | AL62: 10.4 | AM62: 6098.7 | AN62: 30147 | AO62: 101.22 | AP62: 5.76 | AR62: 7.575 | AS62: 10.4 | AT62: 6098.1 | AU62: 30142 | AV62: 72.41 | AW62: 5.76 | AY62: 7.575 | AZ62: 10.4 | BA62: 5643.4 | BB62: 28093 | BC62: 43.78 | BD62: 5.96 | BF62: 12.7 | BG62: 84280 | BH62: 82835 | BI62: 81390 | BJ62: 79944 | BK62: 78499 | BL62: 77054 | BM62: 75609 | BN62: 74368 | BO62: 72922 | BP62: 71477 | BQ62: 70030 | BR62: 68585 | BS62: 67139 | BT62: 65693 | BU62: 64247 | BV62: 62801 | BW62: 61355 | BX62: 59909 | BY62: 58462 | BZ62: 57016 | CA62: 55405 | CB62: 53953 | CC62: 52502 | CD62: 51051 | CE62: 49601 | CF62: 48152 | CG62: 46702 | CH62: 45253 | CI62: 43803 | CJ62: 42354 | CL62: 12.7 | CM62: 1.19 | CN62: 2.39 | CO62: 2.872 | CP62: 4.778 | CQ62: 6.76 | CR62: 8.553 | CS62: 9.834 | CT62: 10.561 | CU62: 10.816 | CW62: 12.7 | CX62: 1.194 | CY62: 2.398 | CZ62: 2.881 | DA62: 4.787 | DB62: 6.765 | DC62: 8.557 | DD62: 9.84 | DE62: 10.568 | DF62: 10.823
B63: Total HFO | C63: 2003.9 | D63: 1963.9 | E63: 20.58 | F63: 0.22 | G63: 12.3 | J63: 6.6 | K63: 31823 | L63: 20779 | M63: 100.25 | N63: 3.42 | O63: 97.82 | P63: 16.4 | Q63: 616.1 | R63: 52.4 | S63: 0.793 | T63: 5110 | U63: 6892 | W63: 7.175 | X63: 10.6 | Y63: 5402.3 | Z63: 24093 | AA63: 158.68 | AB63: 5.59 | AD63: 7.375 | AE63: 10.6 | AF63: 5927 | AG63: 30237 | AH63: 130.01 | AI63: 5.65 | AK63: 7.375 | AL63: 10.6 | AM63: 5927.7 | AN63: 30242 | AO63: 101.22 | AP63: 5.65 | AR63: 7.375 | AS63: 10.6 | AT63: 5927 | AU63: 30237 | AV63: 72.41 | AW63: 5.65 | AY63: 7.375 | AZ63: 10.6 | BA63: 5463.9 | BB63: 27932 | BC63: 43.81 | BD63: 5.85 | BF63: 12.8 | BG63: 84901 | BH63: 83443 | BI63: 81985 | BJ63: 80527 | BK63: 79069 | BL63: 77612 | BM63: 76154 | BN63: 74696 | BO63: 73238 | BP63: 71780 | BQ63: 70322 | BR63: 68864 | BS63: 67607 | BT63: 66149 | BU63: 64691 | BV63: 63233 | BW63: 61775 | BX63: 60316 | BY63: 58858 | BZ63: 57399 | CA63: 55831 | CB63: 54367 | CC63: 52904 | CD63: 51441 | CE63: 49978 | CF63: 48516 | CG63: 47053 | CH63: 45591 | CI63: 44128 | CJ63: 42666 | CL63: 12.8 | CM63: 1.19 | CN63: 2.39 | CO63: 2.873 | CP63: 4.768 | CQ63: 6.738 | CR63: 8.521 | CS63: 9.801 | CT63: 10.535 | CU63: 10.803 | CW63: 12.8 | CX63: 1.194 | CY63: 2.398 | CZ63: 2.881 | DA63: 4.776 | DB63: 6.742 | DC63: 8.524 | DD63: 9.807 | DE63: 10.542 | DF63: 10.809
J64: 6.7 | K64: 32348 | L64: 21303 | M64: 100.21 | N64: 3.47 | O64: 97.7 | P64: 16.27 | Q64: 619.2 | R64: 52.5 | S64: 0.794 | T64: 5119 | U64: 6934 | W64: 6.975 | X64: 10.8 | Y64: 5240.1 | Z64: 24076 | AA64: 158.68 | AB64: 5.48 | AD64: 7.175 | AE64: 10.8 | AF64: 5756 | AG64: 30297 | AH64: 130.01 | AI64: 5.55 | AK64: 7.175 | AL64: 10.8 | AM64: 5756.6 | AN64: 30303 | AO64: 101.21 | AP64: 5.55 | AR64: 7.175 | AS64: 10.8 | AT64: 5756 | AU64: 30297 | AV64: 72.41 | AW64: 5.55 | AY64: 7.175 | AZ64: 10.8 | BA64: 5285.3 | BB64: 27732 | BC64: 43.84 | BD64: 5.74 | BF64: 12.9 | BG64: 85518 | BH64: 84047 | BI64: 82577 | BJ64: 81106 | BK64: 79636 | BL64: 78165 | BM64: 76694 | BN64: 75224 | BO64: 73753 | BP64: 72283 | BQ64: 70812 | BR64: 69341 | BS64: 67871 | BT64: 66400 | BU64: 64930 | BV64: 63459 | BW64: 61989 | BX64: 60715 | BY64: 59245 | BZ64: 57774 | CA64: 56303 | CB64: 54832 | CC64: 53305 | CD64: 51829 | CE64: 50353 | CF64: 48877 | CG64: 47401 | CH64: 45925 | CI64: 44449 | CJ64: 42974 | CL64: 12.9 | CM64: 1.19 | CN64: 2.391 | CO64: 2.873 | CP64: 4.757 | CQ64: 6.717 | CR64: 8.488 | CS64: 9.768 | CT64: 10.509 | CU64: 10.789 | CW64: 12.9 | CX64: 1.194 | CY64: 2.398 | CZ64: 2.881 | DA64: 4.765 | DB64: 6.72 | DC64: 8.491 | DD64: 9.774 | DE64: 10.515 | DF64: 10.796
J65: 6.8 | K65: 32873 | L65: 21829 | M65: 100.17 | N65: 3.52 | O65: 97.57 | P65: 16.14 | Q65: 622.3 | R65: 52.6 | S65: 0.795 | T65: 5128 | U65: 6976 | W65: 6.775 | X65: 11 | Y65: 5077.9 | Z65: 24030 | AA65: 158.68 | AB65: 5.38 | AD65: 6.975 | AE65: 11 | AF65: 5584.9 | AG65: 30321 | AH65: 130.01 | AI65: 5.45 | AK65: 6.975 | AL65: 11 | AM65: 5585.5 | AN65: 30326 | AO65: 101.21 | AP65: 5.45 | AR65: 6.975 | AS65: 11 | AT65: 5584.9 | AU65: 30321 | AV65: 72.41 | AW65: 5.45 | AY65: 6.975 | AZ65: 11 | BA65: 5107.5 | BB65: 27491 | BC65: 43.87 | BD65: 5.63 | BF65: 13 | BG65: 86131 | BH65: 84648 | BI65: 83165 | BJ65: 81682 | BK65: 80198 | BL65: 78715 | BM65: 77232 | BN65: 75749 | BO65: 74266 | BP65: 72782 | BQ65: 71299 | BR65: 69816 | BS65: 68332 | BT65: 66849 | BU65: 65366 | BV65: 63883 | BW65: 62400 | BX65: 60916 | BY65: 59433 | BZ65: 57950 | CA65: 56466 | CB65: 54983 | CC65: 53500 | CD65: 52208 | CE65: 50725 | CF65: 49242 | CG65: 47797 | CH65: 46304 | CI65: 44812 | CJ65: 43321 | CL65: 13 | CM65: 1.191 | CN65: 2.392 | CO65: 2.874 | CP65: 4.746 | CQ65: 6.696 | CR65: 8.456 | CS65: 9.735 | CT65: 10.482 | CU65: 10.776 | CW65: 13 | CX65: 1.195 | CY65: 2.398 | CZ65: 2.882 | DA65: 4.752 | DB65: 6.698 | DC65: 8.457 | DD65: 9.74 | DE65: 10.488 | DF65: 10.782
J66: 6.9 | K66: 33399 | L66: 22355 | M66: 100.13 | N66: 3.58 | O66: 97.44 | P66: 16.03 | Q66: 625.5 | R66: 52.7 | S66: 0.796 | T66: 5138 | U66: 7018 | W66: 6.575 | X66: 11.2 | Y66: 4915.7 | Z66: 23954 | AA66: 158.67 | AB66: 5.28 | AD66: 6.775 | AE66: 11.2 | AF66: 5413.9 | AG66: 30311 | AH66: 130.01 | AI66: 5.34 | AK66: 6.775 | AL66: 11.2 | AM66: 5414.5 | AN66: 30316 | AO66: 101.21 | AP66: 5.35 | AR66: 6.775 | AS66: 11.2 | AT66: 5413.9 | AU66: 30311 | AV66: 72.41 | AW66: 5.34 | AY66: 6.775 | AZ66: 11.2 | BA66: 4930.7 | BB66: 27212 | BC66: 43.9 | BD66: 5.52 | CL66: 13.1 | CM66: 1.191 | CN66: 2.392 | CO66: 2.875 | CP66: 4.734 | CQ66: 6.675 | CR66: 8.423 | CS66: 9.702 | CT66: 10.455 | CU66: 10.763 | CW66: 13.1 | CX66: 1.195 | CY66: 2.399 | CZ66: 2.882 | DA66: 4.74 | DB66: 6.676 | DC66: 8.424 | DD66: 9.706 | DE66: 10.461 | DF66: 10.769
J67: 7 | K67: 33926 | L67: 22882 | M67: 100.09 | N67: 3.63 | O67: 97.31 | P67: 15.91 | Q67: 628.6 | R67: 52.8 | S67: 0.797 | T67: 5147 | U67: 7060 | W67: 6.375 | X67: 11.4 | Y67: 4753.5 | Z67: 23847 | AA67: 158.67 | AB67: 5.17 | AD67: 6.575 | AE67: 11.4 | AF67: 5242.9 | AG67: 30266 | AH67: 130.01 | AI67: 5.24 | AK67: 6.575 | AL67: 11.4 | AM67: 5243.4 | AN67: 30271 | AO67: 101.21 | AP67: 5.24 | AR67: 6.575 | AS67: 11.4 | AT67: 5242.9 | AU67: 30266 | AV67: 72.41 | AW67: 5.24 | AY67: 6.575 | AZ67: 11.4 | BA67: 4754.7 | BB67: 26892 | BC67: 43.94 | BD67: 5.41 | CL67: 13.2 | CM67: 1.192 | CN67: 2.393 | CO67: 2.876 | CP67: 4.722 | CQ67: 6.655 | CR67: 8.39 | CS67: 9.668 | CT67: 10.428 | CU67: 10.749 | CW67: 13.2 | CX67: 1.195 | CY67: 2.4 | CZ67: 2.883 | DA67: 4.726 | DB67: 6.655 | DC67: 8.391 | DD67: 9.673 | DE67: 10.433 | DF67: 10.755
B68: Diesel Oil | C68: Vol 100% | D68: Vol 98% | E68: LCG | F68: TCG | G68: VCG | H68: FSM (m4) | J68: 7.1 | K68: 34454 | L68: 23410 | M68: 100.04 | N68: 3.68 | O68: 97.18 | P68: 15.8 | Q68: 631.9 | R68: 52.9 | S68: 0.798 | T68: 5156 | U68: 7102 | W68: 6.175 | X68: 11.6 | Y68: 4591.3 | Z68: 23710 | AA68: 158.67 | AB68: 5.07 | AD68: 6.375 | AE68: 11.6 | AF68: 5071.8 | AG68: 30187 | AH68: 130.01 | AI68: 5.14 | AK68: 6.375 | AL68: 11.6 | AM68: 5072.3 | AN68: 30192 | AO68: 101.21 | AP68: 5.14 | AR68: 6.375 | AS68: 11.6 | AT68: 5071.8 | AU68: 30187 | AV68: 72.41 | AW68: 5.14 | AY68: 6.375 | AZ68: 11.6 | BA68: 4579.6 | BB68: 26535 | BC68: 43.97 | BD68: 5.29
B69: DO Deep Tk S | C69: 166.5 | D69: 163.1 | E69: 14.2 | F69: 11.76 | G69: 15.65 | H69: 211 | J69: 7.2 | K69: 34983 | L69: 23939 | M69: 100 | N69: 3.73 | O69: 97.04 | P69: 15.7 | Q69: 635.2 | R69: 52.9 | S69: 0.799 | T69: 5165 | U69: 7145 | W69: 5.975 | X69: 11.8 | Y69: 4429 | Z69: 23542 | AA69: 158.67 | AB69: 4.97 | AD69: 6.175 | AE69: 11.8 | AF69: 4900.8 | AG69: 30074 | AH69: 130.01 | AI69: 5.04 | AK69: 6.175 | AL69: 11.8 | AM69: 4901.2 | AN69: 30078 | AO69: 101.21 | AP69: 5.04 | AR69: 6.175 | AS69: 11.8 | AT69: 4900.8 | AU69: 30074 | AV69: 72.41 | AW69: 5.04 | AY69: 6.175 | AZ69: 11.8 | BA69: 4405.4 | BB69: 26141 | BC69: 44 | BD69: 5.18
B70: DO Service Tk 1 | C70: 22.6 | D70: 22.2 | E70: 15.2 | F70: 7.19 | G70: 15.75 | H70: 4 | J70: 7.3 | K70: 35513 | L70: 24469 | M70: 99.95 | N70: 3.79 | O70: 96.91 | P70: 15.6 | Q70: 638.5 | R70: 53 | S70: 0.8 | T70: 5175 | U70: 7187 | W70: 5.775 | X70: 12 | Y70: 4266.8 | Z70: 23336 | AA70: 158.67 | AB70: 4.86 | AD70: 5.975 | AE70: 12 | AF70: 4729.7 | AG70: 29917 | AH70: 130.01 | AI70: 4.93 | AK70: 5.975 | AL70: 12 | AM70: 4730.2 | AN70: 29921 | AO70: 101.21 | AP70: 4.93 | AR70: 5.975 | AS70: 12 | AT70: 4729.8 | AU70: 29917 | AV70: 72.41 | AW70: 4.93 | AY70: 5.975 | AZ70: 12 | BA70: 4232 | BB70: 25710 | BC70: 44.03 | BD70: 5.07
B71: DO Service Tk 2 | C71: 22.6 | D71: 22.2 | E71: 12 | F71: 7.19 | G71: 15.75 | H71: 4 | J71: 7.4 | K71: 36044 | L71: 25000 | M71: 99.91 | N71: 3.84 | O71: 96.77 | P71: 15.5 | Q71: 642 | R71: 53.1 | S71: 0.801 | T71: 5184 | U71: 7230 | W71: 5.575 | X71: 12.2 | Y71: 4104.6 | Z71: 23088 | AA71: 158.66 | AB71: 4.76 | AD71: 5.775 | AE71: 12.2 | AF71: 4558.7 | AG71: 29697 | AH71: 130.01 | AI71: 4.83 | AK71: 5.775 | AL71: 12.2 | AM71: 4559.1 | AN71: 29701 | AO71: 101.21 | AP71: 4.83 | AR71: 5.775 | AS71: 12.2 | AT71: 4558.7 | AU71: 29697 | AV71: 72.41 | AW71: 4.83 | AY71: 5.775 | AZ71: 12.2 | BA71: 4059.6 | BB71: 25239 | BC71: 44.06 | BD71: 4.96
B72: DO Settling Tk | C72: 22.6 | D72: 22.2 | E72: 13.6 | F72: 7.19 | G72: 15.75 | H72: 4 | J72: 7.5 | K72: 36576 | L72: 25532 | M72: 99.86 | N72: 3.89 | O72: 96.62 | P72: 15.41 | Q72: 645.5 | R72: 53.2 | S72: 0.802 | T72: 5194 | U72: 7273 | W72: 5.375 | X72: 12.4 | Y72: 3942.4 | Z72: 22796 | AA72: 158.66 | AB72: 4.65 | AD72: 5.575 | AE72: 12.4 | AF72: 4387.7 | AG72: 29410 | AH72: 130.01 | AI72: 4.72 | AK72: 5.575 | AL72: 12.4 | AM72: 4388 | AN72: 29414 | AO72: 101.21 | AP72: 4.72 | AR72: 5.575 | AS72: 12.4 | AT72: 4387.7 | AU72: 29410 | AV72: 72.41 | AW72: 4.72 | AY72: 5.575 | AZ72: 12.4 | BA72: 3888 | BB72: 24731 | BC72: 44.09 | BD72: 4.85
J73: 7.6 | K73: 37110 | L73: 26065 | M73: 99.81 | N73: 3.94 | O73: 96.47 | P73: 15.32 | Q73: 649 | R73: 53.3 | S73: 0.803 | T73: 5204 | U73: 7316 | W73: 5.175 | X73: 12.6 | Y73: 3780.2 | Z73: 22460 | AA73: 158.66 | AB73: 4.55 | AD73: 5.375 | AE73: 12.6 | AF73: 4216.6 | AG73: 29051 | AH73: 130.01 | AI73: 4.62 | AK73: 5.375 | AL73: 12.6 | AM73: 4216.9 | AN73: 29055 | AO73: 101.21 | AP73: 4.62 | AR73: 5.375 | AS73: 12.6 | AT73: 4216.6 | AU73: 29051 | AV73: 72.41 | AW73: 4.62 | AY73: 5.375 | AZ73: 12.6 | BA73: 3717.3 | BB73: 24185 | BC73: 44.12 | BD73: 4.74
B74: Total DO | C74: 234.3 | D74: 229.6 | E74: 14.03 | F74: 10.44 | G74: 15.68 | J74: 7.7 | K74: 37642 | L74: 26598 | M74: 99.76 | N74: 4 | O74: 96.32 | P74: 15.23 | Q74: 652.7 | R74: 53.4 | S74: 0.804 | T74: 5214 | U74: 7359 | W74: 4.975 | X74: 12.8 | Y74: 3618 | Z74: 22084 | AA74: 158.65 | AB74: 4.44 | AD74: 5.175 | AE74: 12.8 | AF74: 4045.6 | AG74: 28619 | AH74: 130.01 | AI74: 4.51 | AK74: 5.175 | AL74: 12.8 | AM74: 4045.9 | AN74: 28622 | AO74: 101.21 | AP74: 4.51 | AR74: 5.175 | AS74: 12.8 | AT74: 4045.6 | AU74: 28619 | AV74: 72.41 | AW74: 4.51 | AY74: 5.175 | AZ74: 12.8 | BA74: 3547.4 | BB74: 23604 | BC74: 44.15 | BD74: 4.62
J75: 7.8 | K75: 38177 | L75: 27133 | M75: 99.71 | N75: 4.05 | O75: 96.16 | P75: 15.15 | Q75: 656.5 | R75: 53.5 | S75: 0.805 | T75: 5224 | U75: 7403 | W75: 4.775 | X75: 13 | Y75: 3455.8 | Z75: 21670 | AA75: 158.65 | AB75: 4.34 | AD75: 4.975 | AE75: 13 | AF75: 3874.6 | AG75: 28121 | AH75: 130.01 | AI75: 4.41 | AK75: 4.975 | AL75: 13 | AM75: 3874.8 | AN75: 28124 | AO75: 101.21 | AP75: 4.41 | AR75: 4.975 | AS75: 13 | AT75: 3874.6 | AU75: 28121 | AV75: 72.41 | AW75: 4.41 | AY75: 4.975 | AZ75: 13 | BA75: 3378.5 | BB75: 22998 | BC75: 44.17 | BD75: 4.51
J76: 7.9 | K76: 38713 | L76: 27669 | M76: 99.66 | N76: 4.1 | O76: 95.99 | P76: 15.07 | Q76: 660.4 | R76: 53.7 | S76: 0.806 | T76: 5235 | U76: 7447 | W76: 4.575 | X76: 13.2 | Y76: 3293.6 | Z76: 21217 | AA76: 158.65 | AB76: 4.23 | AD76: 4.775 | AE76: 13.2 | AF76: 3703.5 | AG76: 27567 | AH76: 130.01 | AI76: 4.3 | AK76: 4.775 | AL76: 13.2 | AM76: 3703.7 | AN76: 27570 | AO76: 101.21 | AP76: 4.3 | AR76: 4.775 | AS76: 13.2 | AT76: 3703.5 | AU76: 27567 | AV76: 72.41 | AW76: 4.3 | AY76: 4.775 | AZ76: 13.2 | BA76: 3210.5 | BB76: 22359 | BC76: 44.2 | BD76: 4.4
J77: 8 | K77: 39251 | L77: 28206 | M77: 99.61 | N77: 4.15 | O77: 95.83 | P77: 15 | Q77: 664.4 | R77: 53.8 | S77: 0.807 | T77: 5245 | U77: 7491 | W77: 4.375 | X77: 13.4 | Y77: 3131.4 | Z77: 20723 | AA77: 158.64 | AB77: 4.12 | AD77: 4.575 | AE77: 13.4 | AF77: 3532.5 | AG77: 26960 | AH77: 130 | AI77: 4.2 | AK77: 4.575 | AL77: 13.4 | AM77: 3532.6 | AN77: 26962 | AO77: 101.21 | AP77: 4.2 | AR77: 4.575 | AS77: 13.4 | AT77: 3532.5 | AU77: 26960 | AV77: 72.41 | AW77: 4.2 | AY77: 4.575 | AZ77: 13.4 | BA77: 3044.6 | BB77: 21686 | BC77: 44.22 | BD77: 4.29
J78: 8.1 | K78: 39789 | L78: 28745 | M78: 99.56 | N78: 4.21 | O78: 95.65 | P78: 14.93 | Q78: 668.5 | R78: 53.9 | S78: 0.808 | T78: 5256 | U78: 7535 | W78: 4.175 | X78: 13.6 | Y78: 2969.2 | Z78: 20186 | AA78: 158.64 | AB78: 4.02 | AD78: 4.375 | AE78: 13.6 | AF78: 3361.5 | AG78: 26296 | AH78: 130 | AI78: 4.09 | AK78: 4.375 | AL78: 13.6 | AM78: 3361.6 | AN78: 26298 | AO78: 101.2 | AP78: 4.09 | AR78: 4.375 | AS78: 13.6 | AT78: 3361.5 | AU78: 26296 | AV78: 72.4 | AW78: 4.09 | AY78: 4.375 | AZ78: 13.6 | BA78: 2880.9 | BB78: 20980 | BC78: 44.25 | BD78: 4.17
B79: Lubricating Oil | C79: Vol 100% | D79: Vol 98% | E79: LCG | F79: TCG | G79: VCG | H79: FSM (m4) | J79: 8.2 | K79: 40328 | L79: 29284 | M79: 99.51 | N79: 4.26 | O79: 95.48 | P79: 14.86 | Q79: 672.7 | R79: 54 | S79: 0.809 | T79: 5267 | U79: 7579 | W79: 3.975 | X79: 13.8 | Y79: 2806.9 | Z79: 19604 | AA79: 158.63 | AB79: 3.91 | AD79: 4.175 | AE79: 13.8 | AF79: 3190.4 | AG79: 25580 | AH79: 130 | AI79: 3.98 | AK79: 4.175 | AL79: 13.8 | AM79: 3190.5 | AN79: 25581 | AO79: 101.2 | AP79: 3.98 | AR79: 4.175 | AS79: 13.8 | AT79: 3190.4 | AU79: 25580 | AV79: 72.4 | AW79: 3.98 | AY79: 4.175 | AZ79: 13.8 | BA79: 2719.4 | BB79: 20241 | BC79: 44.26 | BD79: 4.06
B80: LO Store Tk 1 | C80: 17.1 | D80: 16.8 | E80: 6.81 | F80: 8.43 | G80: 11.77 | H80: 29 | J80: 8.3 | K80: 40869 | L80: 29824 | M80: 99.45 | N80: 4.31 | O80: 95.3 | P80: 14.79 | Q80: 676.8 | R80: 54.1 | S80: 0.81 | T80: 5278 | U80: 7624 | W80: 3.775 | X80: 14 | Y80: 2644.7 | Z80: 18971 | AA80: 158.62 | AB80: 3.8 | AD80: 3.975 | AE80: 14 | AF80: 3019.4 | AG80: 24806 | AH80: 130 | AI80: 3.87 | AK80: 3.975 | AL80: 14 | AM80: 3019.4 | AN80: 24807 | AO80: 101.2 | AP80: 3.87 | AR80: 3.975 | AS80: 14 | AT80: 3019.4 | AU80: 24806 | AV80: 72.4 | AW80: 3.87 | AY80: 3.975 | AZ80: 14 | BA80: 2560.2 | BB80: 19470 | BC80: 44.28 | BD80: 3.94
B81: LO Store Tk 2 | C81: 18.7 | D81: 18.4 | E81: 7.61 | F81: 8.57 | G81: 11.69 | H81: 33 | J81: 8.4 | K81: 41410 | L81: 30366 | M81: 99.4 | N81: 4.37 | O81: 95.13 | P81: 14.73 | Q81: 680.9 | R81: 54.2 | S81: 0.811 | T81: 5288 | U81: 7669 | W81: 3.575 | X81: 14.2 | Y81: 2486.3 | Z81: 18338 | AA81: 158.6 | AB81: 3.69 | AD81: 3.775 | AE81: 14.2 | AF81: 2848.3 | AG81: 23966 | AH81: 130 | AI81: 3.76 | AK81: 3.775 | AL81: 14.2 | AM81: 2848.4 | AN81: 23966 | AO81: 101.2 | AP81: 3.76 | AR81: 3.775 | AS81: 14.2 | AT81: 2848.3 | AU81: 23966 | AV81: 72.4 | AW81: 3.76 | AY81: 3.775 | AZ81: 14.2 | BA81: 2403.3 | BB81: 18660 | BC81: 44.29 | BD81: 3.83
B82: Cyl Oil Tk 1 | C82: 20.2 | D82: 19.8 | E82: 8.4 | F82: 8.72 | G82: 11.63 | H82: 36 | J82: 8.5 | K82: 41953 | L82: 30909 | M82: 99.34 | N82: 4.42 | O82: 94.95 | P82: 14.67 | Q82: 685 | R82: 54.3 | S82: 0.812 | T82: 5299 | U82: 7713 | W82: 3.375 | X82: 14.4 | Y82: 2330.8 | Z82: 17682 | AA82: 158.57 | AB82: 3.58 | AD82: 3.575 | AE82: 14.4 | AF82: 2682.1 | AG82: 23134 | AH82: 130 | AI82: 3.66 | AK82: 3.575 | AL82: 14.4 | AM82: 2682.1 | AN82: 23134 | AO82: 101.2 | AP82: 3.66 | AR82: 3.575 | AS82: 14.4 | AT82: 2682.1 | AU82: 23134 | AV82: 72.4 | AW82: 3.66 | AY82: 3.575 | AZ82: 14.4 | BA82: 2251 | BB82: 17854 | BC82: 44.33 | BD82: 3.72
B83: Cyl Oil Tk 2 | C83: 44.4 | D83: 43.6 | E83: 9.62 | F83: 8.94 | G83: 11.56 | H83: 81 | J83: 8.6 | K83: 42496 | L83: 31452 | M83: 99.28 | N83: 4.47 | O83: 94.77 | P83: 14.61 | Q83: 689.2 | R83: 54.4 | S83: 0.813 | T83: 5310 | U83: 7758 | W83: 3.175 | X83: 14.6 | Y83: 2177.1 | Z83: 16984 | AA83: 158.54 | AB83: 3.47 | AD83: 3.375 | AE83: 14.6 | AF83: 2518.4 | AG83: 22277 | AH83: 130 | AI83: 3.55 | AK83: 3.375 | AL83: 14.6 | AM83: 2518.4 | AN83: 22277 | AO83: 101.2 | AP83: 3.55 | AR83: 3.375 | AS83: 14.6 | AT83: 2518.4 | AU83: 22277 | AV83: 72.4 | AW83: 3.55 | AY83: 3.375 | AZ83: 14.6 | BA83: 2102 | BB83: 17032 | BC83: 44.36 | BD83: 3.61
B84: LO Sump Tk | C84: 16.1 | D84: 15.8 | E84: 18 | F84: 0 | G84: 1.31 | H84: 7 | J84: 8.7 | K84: 43041 | L84: 31997 | M84: 99.23 | N84: 4.52 | O84: 94.65 | P84: 14.55 | Q84: 691.6 | R84: 54.5 | S84: 0.814 | T84: 5317 | U84: 7805 | W84: 2.975 | X84: 14.8 | Y84: 2025.3 | Z84: 16244 | AA84: 158.51 | AB84: 3.37 | AD84: 3.175 | AE84: 14.8 | AF84: 2356.1 | AG84: 21363 | AH84: 130 | AI84: 3.45 | AK84: 3.175 | AL84: 14.8 | AM84: 2356.1 | AN84: 21363 | AO84: 101.2 | AP84: 3.45 | AR84: 3.175 | AS84: 14.8 | AT84: 2356.1 | AU84: 21363 | AV84: 72.4 | AW84: 3.45 | AY84: 3.175 | AZ84: 14.8 | BA84: 1955.7 | BB84: 16179 | BC84: 44.4 | BD84: 3.5
B85: LO A/E Tk 1 | C85: 4.3 | D85: 4.2 | E85: 2 | F85: 3.2 | G85: 15.65 | H85: 0 | J85: 8.8 | K85: 43587 | L85: 32543 | M85: 99.17 | N85: 4.58 | O85: 94.14 | P85: 14.5 | Q85: 704.8 | R85: 54.8 | S85: 0.815 | T85: 5346 | U85: 7868 | W85: 2.775 | X85: 15 | Y85: 1875.3 | Z85: 15462 | AA85: 158.48 | AB85: 3.26 | AD85: 2.975 | AE85: 15 | AF85: 2195 | AG85: 20403 | AH85: 130 | AI85: 3.34 | AK85: 2.975 | AL85: 15 | AM85: 2195 | AN85: 20403 | AO85: 101.2 | AP85: 3.34 | AR85: 2.975 | AS85: 15 | AT85: 2195 | AU85: 20403 | AV85: 72.4 | AW85: 3.34 | AY85: 2.975 | AZ85: 15 | BA85: 1811.8 | BB85: 15296 | BC85: 44.44 | BD85: 3.39
B86: LO A/E Tk 2 | C86: 4.3 | D86: 4.2 | E86: 2 | F86: 4.8 | G86: 15.65 | H86: 0 | J86: 8.9 | K86: 44136 | L86: 33092 | M86: 99.1 | N86: 4.63 | O86: 93.96 | P86: 14.45 | Q86: 708.9 | R86: 54.9 | S86: 0.816 | T86: 5357 | U86: 7912 | W86: 2.575 | X86: 15.2 | Y86: 1727.2 | Z86: 14636 | AA86: 158.44 | AB86: 3.16 | AD86: 2.775 | AE86: 15.2 | AF86: 2035.2 | AG86: 19389 | AH86: 130 | AI86: 3.24 | AK86: 2.775 | AL86: 15.2 | AM86: 2035.2 | AN86: 19389 | AO86: 101.2 | AP86: 3.24 | AR86: 2.775 | AS86: 15.2 | AT86: 2035.2 | AU86: 19389 | AV86: 72.4 | AW86: 3.24 | AY86: 2.775 | AZ86: 15.2 | BA86: 1670.6 | BB86: 14386 | BC86: 44.48 | BD86: 3.28
B87: LO Stern Tube Tk | C87: 2 | D87: 2 | E87: 1.2 | F87: -2.9 | G87: 14.8 | H87: 0 | J87: 9 | K87: 44685 | L87: 33641 | M87: 99.04 | N87: 4.68 | O87: 93.78 | P87: 14.4 | Q87: 712.9 | R87: 55 | S87: 0.817 | T87: 5367 | U87: 7956 | W87: 2.375 | X87: 15.4 | Y87: 1581 | Z87: 13767 | AA87: 158.41 | AB87: 3.05 | AD87: 2.575 | AE87: 15.4 | AF87: 1876.6 | AG87: 18322 | AH87: 130 | AI87: 3.14 | AK87: 2.575 | AL87: 15.4 | AM87: 1876.6 | AN87: 18322 | AO87: 101.2 | AP87: 3.14 | AR87: 2.575 | AS87: 15.4 | AT87: 1876.6 | AU87: 18322 | AV87: 72.4 | AW87: 3.14 | AY87: 2.575 | AZ87: 15.4 | BA87: 1531.8 | BB87: 13449 | BC87: 44.52 | BD87: 3.17
B88: Cyl Oil Service Tk 1 | C88: 0.8 | D88: 0.7 | E88: 26.2 | F88: -2.8 | G88: 14.5 | H88: 0 | J88: 9.1 | K88: 45236 | L88: 34192 | M88: 98.97 | N88: 4.74 | O88: 93.6 | P88: 14.35 | Q88: 716.8 | R88: 55.1 | S88: 0.818 | T88: 5377 | U88: 8000 | W88: 2.175 | X88: 15.6 | Y88: 1436.8 | Z88: 12855 | AA88: 158.37 | AB88: 2.94 | AD88: 2.375 | AE88: 15.6 | AF88: 1719.3 | AG88: 17201 | AH88: 130 | AI88: 3.03 | AK88: 2.375 | AL88: 15.6 | AM88: 1719.3 | AN88: 17201 | AO88: 101.2 | AP88: 3.03 | AR88: 2.375 | AS88: 15.6 | AT88: 1719.3 | AU88: 17201 | AV88: 72.4 | AW88: 3.03 | AY88: 2.375 | AZ88: 15.6 | BA88: 1395.7 | BB88: 12484 | BC88: 44.56 | BD88: 3.06
B89: Cyl Oil Service Tk 2 | C89: 0.8 | D89: 0.7 | E89: 26.2 | F89: -3.6 | G89: 14.5 | H89: 0 | J89: 9.2 | K89: 45788 | L89: 34743 | M89: 98.91 | N89: 4.79 | O89: 93.42 | P89: 14.31 | Q89: 720.5 | R89: 55.2 | S89: 0.819 | T89: 5386 | U89: 8044 | W89: 1.975 | X89: 15.8 | Y89: 1294.5 | Z89: 11899 | AA89: 158.34 | AB89: 2.84 | AD89: 2.175 | AE89: 15.8 | AF89: 1563.2 | AG89: 16026 | AH89: 130 | AI89: 2.93 | AK89: 2.175 | AL89: 15.8 | AM89: 1563.2 | AN89: 16026 | AO89: 101.2 | AP89: 2.93 | AR89: 2.175 | AS89: 15.8 | AT89: 1563.2 | AU89: 16026 | AV89: 72.4 | AW89: 2.93 | AY89: 2.175 | AZ89: 15.8 | BA89: 1262 | BB89: 11497 | BC89: 44.6 | BD89: 2.96
J90: 9.3 | K90: 46340 | L90: 35296 | M90: 98.84 | N90: 4.84 | O90: 93.25 | P90: 14.27 | Q90: 724.2 | R90: 55.3 | S90: 0.82 | T90: 5395 | U90: 8088 | W90: 1.775 | X90: 16 | Y90: 1154.1 | Z90: 10900 | AA90: 158.3 | AB90: 2.73 | AD90: 1.975 | AE90: 16 | AF90: 1408.4 | AG90: 14790 | AH90: 130 | AI90: 2.83 | AK90: 1.975 | AL90: 16 | AM90: 1408.4 | AN90: 14790 | AO90: 101.2 | AP90: 2.83 | AR90: 1.975 | AS90: 16 | AT90: 1408.4 | AU90: 14790 | AV90: 72.4 | AW90: 2.83 | AY90: 1.975 | AZ90: 16 | BA90: 1131 | BB90: 10486 | BC90: 44.64 | BD90: 2.85
B91: Total LO | C91: 128.7 | D91: 126.1 | E91: 9.36 | F91: 7.01 | G91: 10.69 | J91: 9.4 | K91: 46894 | L91: 35849 | M91: 98.77 | N91: 4.9 | O91: 93.08 | P91: 14.23 | Q91: 727.7 | R91: 55.4 | S91: 0.821 | T91: 5404 | U91: 8132 | W91: 1.575 | X91: 16.2 | Y91: 1015.8 | Z91: 9856 | AA91: 158.26 | AB91: 2.63 | AD91: 1.775 | AE91: 16.2 | AF91: 1257.1 | AG91: 13529 | AH91: 130 | AI91: 2.72 | AK91: 1.775 | AL91: 16.2 | AM91: 1257.1 | AN91: 13529 | AO91: 101.2 | AP91: 2.72 | AR91: 1.775 | AS91: 16.2 | AT91: 1257.1 | AU91: 13529 | AV91: 72.4 | AW91: 2.72 | AY91: 1.775 | AZ91: 16.2 | BA91: 1003.6 | BB91: 9468 | BC91: 44.68 | BD91: 2.74
J92: 9.5 | K92: 47448 | L92: 36404 | M92: 98.71 | N92: 4.95 | O92: 92.91 | P92: 14.19 | Q92: 731 | R92: 55.5 | S92: 0.822 | T92: 5413 | U92: 8175 | W92: 1.375 | X92: 16.4 | Y92: 879.6 | Z92: 8768 | AA92: 158.23 | AB92: 2.53 | AD92: 1.575 | AE92: 16.4 | AF92: 1110.7 | AG92: 12268 | AH92: 130 | AI92: 2.62 | AK92: 1.575 | AL92: 16.4 | AM92: 1110.7 | AN92: 12268 | AO92: 101.2 | AP92: 2.62 | AR92: 1.575 | AS92: 16.4 | AT92: 1110.7 | AU92: 12268 | AV92: 72.4 | AW92: 2.62 | AY92: 1.575 | AZ92: 16.4 | BA92: 880.5 | BB92: 8462 | BC92: 44.72 | BD92: 2.64
J93: 9.6 | K93: 48003 | L93: 36959 | M93: 98.64 | N93: 5 | O93: 92.74 | P93: 14.15 | Q93: 734.4 | R93: 55.6 | S93: 0.823 | T93: 5422 | U93: 8219 | W93: 1.175 | X93: 16.6 | Y93: 745.4 | Z93: 7634 | AA93: 158.19 | AB93: 2.42 | AD93: 1.375 | AE93: 16.6 | AF93: 965.5 | AG93: 10946 | AH93: 130 | AI93: 2.52 | AK93: 1.375 | AL93: 16.6 | AM93: 965.5 | AN93: 10946 | AO93: 101.2 | AP93: 2.52 | AR93: 1.375 | AS93: 16.6 | AT93: 965.5 | AU93: 10946 | AV93: 72.4 | AW93: 2.52 | AY93: 1.375 | AZ93: 16.6 | BA93: 760 | BB93: 7436 | BC93: 44.76 | BD93: 2.53
J94: 9.7 | K94: 48559 | L94: 37515 | M94: 98.57 | N94: 5.06 | O94: 92.58 | P94: 14.12 | Q94: 737.6 | R94: 55.7 | S94: 0.824 | T94: 5430 | U94: 8262 | W94: 0.975 | X94: 16.8 | Y94: 613.3 | Z94: 6453 | AA94: 158.15 | AB94: 2.32 | AD94: 1.175 | AE94: 16.8 | AF94: 821.5 | AG94: 9565 | AH94: 130 | AI94: 2.42 | AK94: 1.175 | AL94: 16.8 | AM94: 821.5 | AN94: 9565 | AO94: 101.2 | AP94: 2.42 | AR94: 1.175 | AS94: 16.8 | AT94: 821.5 | AU94: 9565 | AV94: 72.4 | AW94: 2.42 | AY94: 1.175 | AZ94: 16.8 | BA94: 642 | BB94: 6393 | BC94: 44.81 | BD94: 2.43
J95: 9.8 | K95: 49116 | L95: 38072 | M95: 98.5 | N95: 5.11 | O95: 92.41 | P95: 14.08 | Q95: 740.6 | R95: 55.7 | S95: 0.825 | T95: 5438 | U95: 8305 | W95: 0.775 | X95: 17 | Y95: 483.3 | Z95: 5222 | AA95: 158.11 | AB95: 2.22 | AD95: 0.975 | AE95: 17 | AF95: 678.7 | AG95: 8120 | AH95: 130 | AI95: 2.32 | AK95: 0.975 | AL95: 17 | AM95: 678.7 | AN95: 8120 | AO95: 101.2 | AP95: 2.32 | AR95: 0.975 | AS95: 17 | AT95: 678.7 | AU95: 8120 | AV95: 72.4 | AW95: 2.32 | AY95: 0.975 | AZ95: 17 | BA95: 526.6 | BB95: 5330 | BC95: 44.85 | BD95: 2.32
B96: Fresh Water | C96: Vol 100% | D96: Vol 98% | E96: LCG | F96: TCG | G96: VCG | H96: FSM (m4) | J96: 9.9 | K96: 49674 | L96: 38630 | M96: 98.43 | N96: 5.16 | O96: 92.25 | P96: 14.05 | Q96: 743.6 | R96: 55.8 | S96: 0.826 | T96: 5445 | U96: 8348 | W96: 0.575 | X96: 17.2 | Y96: 355.4 | Z96: 3939 | AA96: 158.07 | AB96: 2.11 | AD96: 0.775 | AE96: 17.2 | AF96: 537.1 | AG96: 6605 | AH96: 130 | AI96: 2.21 | AK96: 0.775 | AL96: 17.2 | AM96: 537.1 | AN96: 6605 | AO96: 101.2 | AP96: 2.21 | AR96: 0.775 | AS96: 17.2 | AT96: 537.1 | AU96: 6605 | AV96: 72.4 | AW96: 2.21 | AY96: 0.775 | AZ96: 17.2 | BA96: 413.7 | BB96: 4248 | BC96: 44.89 | BD96: 2.22
B97: FW Tk P | C97: 119.5 | D97: 117.1 | E97: -0.81 | F97: -8.22 | G97: 15.85 | H97: 87 | J97: 10 | K97: 50232 | L97: 39188 | M97: 98.36 | N97: 5.22 | O97: 92.09 | P97: 14.02 | Q97: 746.5 | R97: 55.9 | S97: 0.827 | T97: 5453 | U97: 8391 | W97: 0.375 | X97: 17.4 | Y97: 229.7 | Z97: 2604 | AA97: 158.03 | AB97: 2.01 | AD97: 0.575 | AE97: 17.4 | AF97: 396.8 | AG97: 5018 | AH97: 130 | AI97: 2.11 | AK97: 0.575 | AL97: 17.4 | AM97: 396.8 | AN97: 5018 | AO97: 101.2 | AP97: 2.11 | AR97: 0.575 | AS97: 17.4 | AT97: 396.8 | AU97: 5018 | AV97: 72.4 | AW97: 2.11 | AY97: 0.575 | AZ97: 17.4 | BA97: 303.3 | BB97: 3146 | BC97: 44.94 | BD97: 2.12
B98: FW Tk S | C98: 119.5 | D98: 117.1 | E98: -0.81 | F98: 8.22 | G98: 15.85 | H98: 87 | J98: 10.1 | K98: 50792 | L98: 39748 | M98: 98.29 | N98: 5.27 | O98: 91.94 | P98: 13.99 | Q98: 749.3 | R98: 56 | S98: 0.828 | T98: 5460 | U98: 8434 | W98: 0.175 | X98: 17.6 | Y98: 106.2 | Z98: 1234 | AA98: 157.98 | AB98: 1.91 | AD98: 0.375 | AE98: 17.6 | AF98: 257.6 | AG98: 3346 | AH98: 130 | AI98: 2.01 | AK98: 0.375 | AL98: 17.6 | AM98: 257.6 | AN98: 3346 | AO98: 101.2 | AP98: 2.01 | AR98: 0.375 | AS98: 17.6 | AT98: 257.6 | AU98: 3346 | AV98: 72.4 | AW98: 2.01 | AY98: 0.375 | AZ98: 17.6 | BA98: 195.4 | BB98: 2040 | BC98: 44.99 | BD98: 2.01
J99: 10.2 | K99: 51352 | L99: 40308 | M99: 98.22 | N99: 5.32 | O99: 91.78 | P99: 13.96 | Q99: 751.9 | R99: 56 | S99: 0.829 | T99: 5467 | U99: 8477 | W99: 0 | X99: 17.78 | Y99: 0 | Z99: 0 | AA99: 0 | AB99: 0 | AD99: 0.175 | AE99: 17.8 | AF99: 119.7 | AG99: 1605 | AH99: 130 | AI99: 1.91 | AK99: 0.175 | AL99: 17.8 | AM99: 119.7 | AN99: 1605 | AO99: 101.2 | AP99: 1.91 | AR99: 0.175 | AS99: 17.8 | AT99: 119.7 | AU99: 1605 | AV99: 72.4 | AW99: 1.91 | AY99: 0.175 | AZ99: 17.8 | BA99: 90.1 | BB99: 947 | BC99: 45.03 | BD99: 1.91
B100: Total FW | C100: 239.1 | D100: 232.3 | E100: -0.81 | F100: 0 | G100: 15.85 | J100: 10.3 | K100: 51913 | L100: 40868 | M100: 98.15 | N100: 5.37 | O100: 91.63 | P100: 13.94 | Q100: 754.4 | R100: 56.1 | S100: 0.83 | T100: 5473 | U100: 8520 | W100: Trimmed | AD100: 0 | AE100: 17.975 | AF100: 0 | AG100: 0 | AH100: 0 | AI100: 0 | AK100: 0 | AL100: 17.975 | AM100: 0 | AN100: 0 | AO100: 0 | AP100: 0 | AR100: 0 | AS100: 17.975 | AT100: 0 | AU100: 0 | AV100: 0 | AW100: 0 | AY100: 0 | AZ100: 17.98 | BA100: 0 | BB100: 0 | BC100: 0 | BD100: 0
J101: 10.4 | K101: 52474 | L101: 41430 | M101: 98.08 | N101: 5.43 | O101: 91.47 | P101: 13.91 | Q101: 756.8 | R101: 56.2 | S101: 0.83 | T101: 5480 | U101: 8563 | W101: 17.975 | X101: 0 | Y101: 12431.5 | Z101: 536 | AA101: 158.59 | AB101: 10.12 | AD101: Trimmed | AK101: Trimmed | AR101: Trimmed | AY101: Trimmed
J102: 10.5 | K102: 53036 | L102: 41992 | M102: 98.01 | N102: 5.48 | O102: 91.31 | P102: 13.89 | Q102: 758.9 | R102: 56.2 | S102: 0.831 | T102: 5485 | U102: 8605 | W102: Untrimmed | AD102: 17.98 | AE102: 0 | AF102: 13349.5 | AG102: 688 | AH102: 130.01 | AI102: 10.21 | AK102: 17.975 | AL102: 0 | AM102: 13351.3 | AN102: 688 | AO102: 101.22 | AP102: 10.21 | AR102: 17.975 | AS102: 0 | AT102: 13349.6 | AU102: 688 | AV102: 72.42 | AW102: 10.21 | AY102: 17.975 | AZ102: 0 | BA102: 13265.4 | BB102: 688 | BC102: 43.26 | BD102: 10.52
J103: 10.6 | K103: 53599 | L103: 42554 | M103: 97.94 | N103: 5.53 | O103: 91.16 | P103: 13.87 | Q103: 761 | R103: 56.3 | S103: 0.832 | T103: 5491 | U103: 8648 | W103: 17.975 | X103: 0 | Y103: 12293.9 | Z103: 1483 | AA103: 158.59 | AB103: 10.12 | AD103: Untrimmed | AK103: Untrimmed | AR103: Untrimmed | AY103: Untrimmed
J104: 10.7 | K104: 54162 | L104: 43118 | M104: 97.87 | N104: 5.59 | O104: 91.01 | P104: 13.85 | Q104: 763 | R104: 56.3 | S104: 0.833 | T104: 5496 | U104: 8691 | AD104: 17.98 | AE104: 0 | AF104: 13347.7 | AG104: 709 | AH104: 130.01 | AI104: 10.21 | AK104: 17.975 | AL104: 0 | AM104: 13349.5 | AN104: 710 | AO104: 101.22 | AP104: 10.21 | AR104: 17.972 | AS104: 0 | AT104: 13347.8 | AU104: 709 | AV104: 72.42 | AW104: 10.21 | AY104: 17.975 | AZ104: 0 | BA104: 13187.2 | BB104: 1502 | BC104: 43.26 | BD104: 10.52
B105: Miscellaneus Oil | C105: Vol 100% | D105: Vol 98% | E105: LCG | F105: TCG | G105: VCG | H105: FSM (m4) | J105: 10.8 | K105: 54725 | L105: 43681 | M105: 97.8 | N105: 5.64 | O105: 90.85 | P105: 13.83 | Q105: 764.8 | R105: 56.4 | S105: 0.834 | T105: 5501 | U105: 8733
B106: HFO Drain Tk | C106: 4.9 | D106: 4.8 | E106: 16.23 | F106: -2.45 | G106: 1.5 | H106: 1 | J106: 10.9 | K106: 55289 | L106: 44245 | M106: 97.72 | N106: 5.69 | O106: 90.7 | P106: 13.81 | Q106: 766.4 | R106: 56.4 | S106: 0.835 | T106: 5506 | U106: 8776
B107: Sludge Oil Tk | C107: 9.1 | D107: 8.9 | E107: 17.25 | F107: 2.56 | G107: 1.46 | H107: 2 | J107: 11 | K107: 55854 | L107: 44810 | M107: 97.65 | N107: 5.75 | O107: 90.54 | P107: 13.79 | Q107: 767.9 | R107: 56.5 | S107: 0.836 | T107: 5510 | U107: 8819
B108: Stern Tube Drain Tk | C108: 4.5 | D108: 4.4 | E108: 8.89 | F108: 0 | G108: 1.58 | H108: 3 | J108: 11.1 | K108: 56419 | L108: 45375 | M108: 97.58 | N108: 5.8 | O108: 90.38 | P108: 13.77 | Q108: 769.1 | R108: 56.5 | S108: 0.837 | T108: 5514 | U108: 8862
J109: 11.2 | K109: 56984 | L109: 45940 | M109: 97.51 | N109: 5.85 | O109: 90.21 | P109: 13.76 | Q109: 770.1 | R109: 56.5 | S109: 0.838 | T109: 5517 | U109: 8905
B110: Total Misc. Oil | C110: 18.5 | D110: 18.1 | E110: 14.95 | F110: 0.61 | G110: 1.5 | J110: 11.3 | K110: 57550 | L110: 46506 | M110: 97.44 | N110: 5.91 | O110: 90.04 | P110: 13.75 | Q110: 770.7 | R110: 56.6 | S110: 0.838 | T110: 5519 | U110: 8949
J111: 11.4 | K111: 58116 | L111: 47072 | M111: 97.36 | N111: 5.96 | O111: 89.89 | P111: 13.74 | Q111: 771.9 | R111: 56.6 | S111: 0.839 | T111: 5523 | U111: 8992
J112: 11.5 | K112: 58682 | L112: 47638 | M112: 97.29 | N112: 6.01 | O112: 89.8 | P112: 13.73 | Q112: 774.4 | R112: 56.7 | S112: 0.84 | T112: 5529 | U112: 9032
J113: 11.6 | K113: 59249 | L113: 48205 | M113: 97.22 | N113: 6.07 | O113: 89.7 | P113: 13.72 | Q113: 776.8 | R113: 56.7 | S113: 0.841 | T113: 5536 | U113: 9073
J114: 11.7 | K114: 59817 | L114: 48773 | M114: 97.15 | N114: 6.12 | O114: 89.61 | P114: 13.71 | Q114: 779.2 | R114: 56.8 | S114: 0.842 | T114: 5542 | U114: 9113
B115: Miscellaneus Water | C115: Vol 100% | D115: Vol 98% | E115: LCG | F115: TCG | G115: VCG | H115: FSM (m4) | J115: 11.8 | K115: 60385 | L115: 49341 | M115: 97.07 | N115: 6.17 | O115: 89.52 | P115: 13.7 | Q115: 781.5 | R115: 56.9 | S115: 0.842 | T115: 5548 | U115: 9153
B116: S/T Cooling | C116: 8.8 | D116: 8.6 | E116: 7.26 | F116: 0 | G116: 3.23 | H116: 2 | J116: 11.9 | K116: 60954 | L116: 49910 | M116: 97 | N116: 6.22 | O116: 89.44 | P116: 13.7 | Q116: 783.7 | R116: 56.9 | S116: 0.843 | T116: 5554 | U116: 9193
B117: Sewage Holding Tk | C117: 124.6 | D117: 122.1 | E117: 8.96 | F117: 8.82 | G117: 11.61 | H117: 224 | J117: 12 | K117: 61524 | L117: 50480 | M117: 96.93 | N117: 6.28 | O117: 89.35 | P117: 13.69 | Q117: 785.9 | R117: 57 | S117: 0.844 | T117: 5559 | U117: 9233
B118: Bilge Water Tk | C118: 35 | D118: 34.3 | E118: 23.4 | F118: 3.18 | G118: 1.27 | H118: 21 | J118: 12.1 | K118: 62094 | L118: 51050 | M118: 96.86 | N118: 6.33 | O118: 89.27 | P118: 13.69 | Q118: 788.1 | R118: 57 | S118: 0.845 | T118: 5565 | U118: 9273
...

Sheet Navegación
E7: Origen (A) | L7: Destino (B)
E8: Puerto: | F8: =Interfaz!F129 -> Anchorage | L8: Puerto: | M8: =Interfaz!K129 -> Auckland | Q8: Ver Cuentas
E9: =IFERROR(LOOKUP(F8,AC12:AC119,AG12:AG119),"") -> 61.233333 | F9: =IF(E9>0,"N","S") -> N | G9: =IFERROR(LOOKUP(F8,AC12:AC119,AK12:AK119),"") -> -149.88333 | H9: =IF(G9>0,"E","W") -> W | L9: =IFERROR(LOOKUP(M8,AC12:AC119,AG12:AG119),"") -> -36.833333 | M9: =IF(L9>0,"N","S") -> S | N9: =IFERROR(LOOKUP(M8,AC12:AC119,AK12:AK119),"") -> 174.78333 | O9: =IF(N9>0,"E","W") -> E
E10: º | F10: ′ | G10: " | H10: N/S | L10: º | M10: ′ | N10: " | O10: N/S
E11: {=Interfaz!E132:G132} -> 0 | F11: 0 | G11: 0 | H11: =Interfaz!H132 -> N | I11: =IF(H11="N",E11+F11/60+G11/(60*60),IF(H11="S",-E11-F11/60-G11/(60*60))) -> 0 | L11: {=Interfaz!J132:L132} -> 0 | M11: 0 | N11: 0 | O11: =Interfaz!M132 -> N | P11: =IF(O11="N",L11+M11/60+N11/(60*60),IF(O11="S",-L11-M11/60-N11/(60*60))) -> 0 | S11: ϕa B | T11: =LN(TAN(RADIANS(45+M14/2)))*180/PI() -> -39.668714 | U11: "+90º" | V11: =T11+90 -> 50.331286 | W11: λ B | X11: =O14 -> 174.78333 | Y11: "+180º" | Z11: =X11+180 -> 354.78333 | AC11: Nombre | AD11: Lat_Grados | AE11: Lat_Min | AF11: Lat_Seg | AH11: Lon_Grados | AI11: Lon_Min | AJ11: Lon_Seg | AL11: Otro
E12: º | F12: ′ | G12: " | H12: E/W | L12: º | M12: ′ | N12: " | O12: E/W | S12: ϕa A | T12: =LN(TAN(RADIANS(45+F14/2)))*180/PI() -> 77.970155 | U12: "+90º" | V12: =T12+90 -> 167.97015 | W12: λ A | X12: =H14 -> -149.88333 | Y12: "+180º" | Z12: =X12+180 -> 30.116667 | AC12: Aarhus | AD12: 56 | AE12: 9 | AF12: 0 | AG12: =IF(Tabla6[[#This Row],[Columna1]]>0,Tabla6[[#This Row],[Columna1]]+Tabla6[[#This Row],[Columna2]]/60+Tabla6[[#This Row],[Columna3]]/(60*60),IF(Tabla6[[#This Row],[Columna1]]<0,Tabla6[[#This Row],[Columna1]]-Tabla6[[#This Row],[Columna2]]/60-Tabla6[[#This Row],[Columna3]]/(60*60),IF(Tabla6[[#This Row],[Columna1]]=0,IF(Tabla6[[#This Row],[Columna2]]>0,0+Tabla6[[#This Row],[Columna2]]/60+Tabla6[[#This Row],[Columna3]]/(60*60),IF(Tabla6[[#This Row],[Columna2]]<0,0-Tabla6[[#This Row],[Columna2]]/60-Tabla6[[#This Row],[Columna3]]/(60*60),"Error"))))) -> 56.15 | AH12: 10 | AI12: 13 | AJ12: 0 | AK12: =IF(Tabla6[[#This Row],[Columna5]]>0,Tabla6[[#This Row],[Columna5]]+Tabla6[[#This Row],[Columna6]]/60+Tabla6[[#This Row],[Columna7]]/(60*60),IF(Tabla6[[#This Row],[Columna5]]<0,Tabla6[[#This Row],[Columna5]]-Tabla6[[#This Row],[Columna6]]/60-Tabla6[[#This Row],[Columna7]]/(60*60),IF(Tabla6[[#This Row],[Columna5]]=0,IF(Tabla6[[#This Row],[Columna6]]>0,0+Tabla6[[#This Row],[Columna6]]/60+Tabla6[[#This Row],[Columna7]]/(60*60),IF(Tabla6[[#This Row],[Columna6]]<0,0-Tabla6[[#This Row],[Columna6]]/60-Tabla6[[#This Row],[Columna7]]/(60*60),"Error"))))) -> 10.216667 | AL12: Aarhus
E13: {=Interfaz!E134:G134} -> 0 | F13: 0 | G13: 0 | H13: =Interfaz!H134 -> W | I13: =IF(H13="E",E13+F13/60+G13/(60*60),IF(H13="W",-E13-F13/60-G13/(60*60))) -> 0 | L13: {=Interfaz!J134:L134} -> 0 | M13: 0 | N13: 0 | O13: =Interfaz!M134 -> W | P13: =IF(O13="E",L13+M13/60+N13/(60*60),IF(O13="W",-L13-M13/60-N13/(60*60))) -> 0 | U13: Δϕa | V13: =ABS(V11-V12) -> 117.63887 | Y13: Δλ | Z13: =IF(ABS(Z11-Z12)>180,360-ABS(Z11-Z12),ABS(Z11-Z12)) -> 35.333333 | AC13: Abiyán | AD13: 5 | AE13: 15 | AF13: 0 | AG13: =IF(Tabla6[[#This Row],[Columna1]]>0,Tabla6[[#This Row],[Columna1]]+Tabla6[[#This Row],[Columna2]]/60+Tabla6[[#This Row],[Columna3]]/(60*60),IF(Tabla6[[#This Row],[Columna1]]<0,Tabla6[[#This Row],[Columna1]]-Tabla6[[#This Row],[Columna2]]/60-Tabla6[[#This Row],[Columna3]]/(60*60),IF(Tabla6[[#This Row],[Columna1]]=0,IF(Tabla6[[#This Row],[Columna2]]>0,0+Tabla6[[#This Row],[Columna2]]/60+Tabla6[[#This Row],[Columna3]]/(60*60),IF(Tabla6[[#This Row],[Columna2]]<0,0-Tabla6[[#This Row],[Columna2]]/60-Tabla6[[#This Row],[Columna3]]/(60*60),"Error"))))) -> 5.25 | AH13: -4 | AI13: 0 | AJ13: 0 | AK13: =IF(Tabla6[[#This Row],[Columna5]]>0,Tabla6[[#This Row],[Columna5]]+Tabla6[[#This Row],[Columna6]]/60+Tabla6[[#This Row],[Columna7]]/(60*60),IF(Tabla6[[#This Row],[Columna5]]<0,Tabla6[[#This Row],[Columna5]]-Tabla6[[#This Row],[Columna6]]/60-Tabla6[[#This Row],[Columna7]]/(60*60),IF(Tabla6[[#This Row],[Columna5]]=0,IF(Tabla6[[#This Row],[Columna6]]>0,0+Tabla6[[#This Row],[Columna6]]/60+Tabla6[[#This Row],[Columna7]]/(60*60),IF(Tabla6[[#This Row],[Columna6]]<0,0-Tabla6[[#This Row],[Columna6]]/60-Tabla6[[#This Row],[Columna7]]/(60*60),"Error"))))) -> -4 | AL13: Abiyán
E14: ϕ | F14: =IF(F8="",0,IF(F8="Otro",I11,E9)) -> 61.233333 | G14: λ | H14: =IF(F8="",0,IF(F8="Otro",I13,G9)) -> -149.88333 | L14: ϕ | M14: =IF(M8="",0,IF(M8="Otro",P11,L9)) -> -36.833333 | N14: λ | O14: =IF(M8="",0,IF(M8="Otro",P13,N9)) -> 174.78333 | AC14: Alejandría | AD14: 31 | AE14: 11 | AF14: 0 | AG14: =IF(Tabla6[[#This Row],[Columna1]]>0,Tabla6[[#This Row],[Columna1]]+Tabla6[[#This Row],[Columna2]]/60+Tabla6[[#This Row],[Columna3]]/(60*60),IF(Tabla6[[#This Row],[Columna1]]<0,Tabla6[[#This Row],[Columna1]]-Tabla6[[#This Row],[Columna2]]/60-Tabla6[[#This Row],[Columna3]]/(60*60),IF(Tabla6[[#This Row],[Columna1]]=0,IF(Tabla6[[#This Row],[Columna2]]>0,0+Tabla6[[#This Row],[Columna2]]/60+Tabla6[[#This Row],[Columna3]]/(60*60),IF(Tabla6[[#This Row],[Columna2]]<0,0-Tabla6[[#This Row],[Columna2]]/60-Tabla6[[#This Row],[Columna3]]/(60*60),"Error"))))) -> 31.183333 | AH14: 29 | AI14: 52 | AJ14: 0 | AK14: =IF(Tabla6[[#This Row],[Columna5]]>0,Tabla6[[#This Row],[Columna5]]+Tabla6[[#This Row],[Columna6]]/60+Tabla6[[#This Row],[Columna7]]/(60*60),IF(Tabla6[[#This Row],[Columna5]]<0,Tabla6[[#This Row],[Columna5]]-Tabla6[[#This Row],[Columna6]]/60-Tabla6[[#This Row],[Columna7]]/(60*60),IF(Tabla6[[#This Row],[Columna5]]=0,IF(Tabla6[[#This Row],[Columna6]]>0,0+Tabla6[[#This Row],[Columna6]]/60+Tabla6[[#This Row],[Columna7]]/(60*60),IF(Tabla6[[#This Row],[Columna6]]<0,0-Tabla6[[#This Row],[Columna6]]/60-Tabla6[[#This Row],[Columna7]]/(60*60),"Error"))))) -> 29.866667 | AL14: Alejandría
S15: ϕ B | T15: =M14 -> -36.833333 | U15: "+90º" | V15: =T15+90 -> 53.166667 | X15: Tg R | Y15: =Z13/V13 -> 0.30035424 | AC15: Algeciras | AD15: 36 | AE15: 8 | AF15: 0 | AG15: =IF(Tabla6[[#This Row],[Columna1]]>0,Tabla6[[#This Row],[Columna1]]+Tabla6[[#This Row],[Columna2]]/60+Tabla6[[#This Row],[Columna3]]/(60*60),IF(Tabla6[[#This Row],[Columna1]]<0,Tabla6[[#This Row],[Columna1]]-Tabla6[[#This Row],[Columna2]]/60-Tabla6[[#This Row],[Columna3]]/(60*60),IF(Tabla6[[#This Row],[Columna1]]=0,IF(Tabla6[[#This Row],[Columna2]]>0,0+Tabla6[[#This Row],[Columna2]]/60+Tabla6[[#This Row],[Columna3]]/(60*60),IF(Tabla6[[#This Row],[Columna2]]<0,0-Tabla6[[#This Row],[Columna2]]/60-Tabla6[[#This Row],[Columna3]]/(60*60),"Error"))))) -> 36.133333 | AH15: -5 | AI15: 26 | AJ15: 0 | AK15: =IF(Tabla6[[#This Row],[Columna5]]>0,Tabla6[[#This Row],[Columna5]]+Tabla6[[#This Row],[Columna6]]/60+Tabla6[[#This Row],[Columna7]]/(60*60),IF(Tabla6[[#This Row],[Columna5]]<0,Tabla6[[#This Row],[Columna5]]-Tabla6[[#This Row],[Columna6]]/60-Tabla6[[#This Row],[Columna7]]/(60*60),IF(Tabla6[[#This Row],[Columna5]]=0,IF(Tabla6[[#This Row],[Columna6]]>0,0+Tabla6[[#This Row],[Columna6]]/60+Tabla6[[#This Row],[Columna7]]/(60*60),IF(Tabla6[[#This Row],[Columna6]]<0,0-Tabla6[[#This Row],[Columna6]]/60-Tabla6[[#This Row],[Columna7]]/(60*60),"Error"))))) -> -5.4333333 | AL15: Algeciras
S16: ϕ A | T16: =F14 -> 61.233333 | U16: "+90º" | V16: =T16+90 -> 151.23333 | X16: R | Y16: =ATAN(Y15) -> 0.29178176 | AC16: Amberes | AD16: 51 | AE16: 13 | AF16: 0 | AG16: =IF(Tabla6[[#This Row],[Columna1]]>0,Tabla6[[#This Row],[Columna1]]+Tabla6[[#This Row],[Columna2]]/60+Tabla6[[#This Row],[Columna3]]/(60*60),IF(Tabla6[[#This Row],[Columna1]]<0,Tabla6[[#This Row],[Columna1]]-Tabla6[[#This Row],[Columna2]]/60-Tabla6[[#This Row],[Columna3]]/(60*60),IF(Tabla6[[#This Row],[Columna1]]=0,IF(Tabla6[[#This Row],[Columna2]]>0,0+Tabla6[[#This Row],[Columna2]]/60+Tabla6[[#This Row],[Columna3]]/(60*60),IF(Tabla6[[#This Row],[Columna2]]<0,0-Tabla6[[#This Row],[Columna2]]/60-Tabla6[[#This Row],[Columna3]]/(60*60),"Error"))))) -> 51.216667 | AH16: 4 | AI16: 24 | AJ16: 0 | AK16: =IF(Tabla6[[#This Row],[Columna5]]>0,Tabla6[[#This Row],[Columna5]]+Tabla6[[#This Row],[Columna6]]/60+Tabla6[[#This Row],[Columna7]]/(60*60),IF(Tabla6[[#This Row],[Columna5]]<0,Tabla6[[#This Row],[Columna5]]-Tabla6[[#This Row],[Columna6]]/60-Tabla6[[#This Row],[Columna7]]/(60*60),IF(Tabla6[[#This Row],[Columna5]]=0,IF(Tabla6[[#This Row],[Columna6]]>0,0+Tabla6[[#This Row],[Columna6]]/60+Tabla6[[#This Row],[Columna7]]/(60*60),IF(Tabla6[[#This Row],[Columna6]]<0,0-Tabla6[[#This Row],[Columna6]]/60-Tabla6[[#This Row],[Columna7]]/(60*60),"Error"))))) -> 4.4 | AL16: Amberes
E17: V media (Kt) | F17: =Interfaz!F137 -> 15 | L17: Paralelo Limite: | M17: =IFERROR(IF(ABS(Z11-Z12)<=180, IF(AND(X24>=MIN(Z11,Z12), X24<=MAX(Z11,Z12)), "Posible", "No Posible"), IF(OR(X24>=MAX(Z11,Z12), X24<=MIN(Z11,Z12)), "Posible", "No Posible")),"") -> No Posible | N17: Vertice | O17: =IFERROR(V23,0) -> 76.826169 | P17: =IFERROR(IF(V22<0,"S","N"),0) -> S | U17: Δϕ | V17: =ABS(V15-V16) -> 98.066667 | AC17: Anchorage | AD17: 61 | AE17: 14 | AF17: 0 | AG17: =IF(Tabla6[[#This Row],[Columna1]]>0,Tabla6[[#This Row],[Columna1]]+Tabla6[[#This Row],[Columna2]]/60+Tabla6[[#This Row],[Columna3]]/(60*60),IF(Tabla6[[#This Row],[Columna1]]<0,Tabla6[[#This Row],[Columna1]]-Tabla6[[#This Row],[Columna2]]/60-Tabla6[[#This Row],[Columna3]]/(60*60),IF(Tabla6[[#This Row],[Columna1]]=0,IF(Tabla6[[#This Row],[Columna2]]>0,0+Tabla6[[#This Row],[Columna2]]/60+Tabla6[[#This Row],[Columna3]]/(60*60),IF(Tabla6[[#This Row],[Columna2]]<0,0-Tabla6[[#This Row],[Columna2]]/60-Tabla6[[#This Row],[Columna3]]/(60*60),"Error"))))) -> 61.233333 | AH17: -149 | AI17: 53 | AJ17: 0 | AK17: =IF(Tabla6[[#This Row],[Columna5]]>0,Tabla6[[#This Row],[Columna5]]+Tabla6[[#This Row],[Columna6]]/60+Tabla6[[#This Row],[Columna7]]/(60*60),IF(Tabla6[[#This Row],[Columna5]]<0,Tabla6[[#This Row],[Columna5]]-Tabla6[[#This Row],[Columna6]]/60-Tabla6[[#This Row],[Columna7]]/(60*60),IF(Tabla6[[#This Row],[Columna5]]=0,IF(Tabla6[[#This Row],[Columna6]]>0,0+Tabla6[[#This Row],[Columna6]]/60+Tabla6[[#This Row],[Columna7]]/(60*60),IF(Tabla6[[#This Row],[Columna6]]<0,0-Tabla6[[#This Row],[Columna6]]/60-Tabla6[[#This Row],[Columna7]]/(60*60),"Error"))))) -> -149.88333 | AL17: Anchorage
O18: =IFERROR(IF(X23<0,X23*(-1),X23),0) -> 85.119603 | P18: =IFERROR(IF(X23>0,"E","W"),0) -> W | X18: dn | Y18: =V17*_xlfn.SEC(Y16)*60 -> 6143.6756 | AC18: Ashdod | AD18: 31 | AE18: 49 | AF18: 0 | AG18: =IF(Tabla6[[#This Row],[Columna1]]>0,Tabla6[[#This Row],[Columna1]]+Tabla6[[#This Row],[Columna2]]/60+Tabla6[[#This Row],[Columna3]]/(60*60),IF(Tabla6[[#This Row],[Columna1]]<0,Tabla6[[#This Row],[Columna1]]-Tabla6[[#This Row],[Columna2]]/60-Tabla6[[#This Row],[Columna3]]/(60*60),IF(Tabla6[[#This Row],[Columna1]]=0,IF(Tabla6[[#This Row],[Columna2]]>0,0+Tabla6[[#This Row],[Columna2]]/60+Tabla6[[#This Row],[Columna3]]/(60*60),IF(Tabla6[[#This Row],[Columna2]]<0,0-Tabla6[[#This Row],[Columna2]]/60-Tabla6[[#This Row],[Columna3]]/(60*60),"Error"))))) -> 31.816667 | AH18: 34 | AI18: 39 | AJ18: 0 | AK18: =IF(Tabla6[[#This Row],[Columna5]]>0,Tabla6[[#This Row],[Columna5]]+Tabla6[[#This Row],[Columna6]]/60+Tabla6[[#This Row],[Columna7]]/(60*60),IF(Tabla6[[#This Row],[Columna5]]<0,Tabla6[[#This Row],[Columna5]]-Tabla6[[#This Row],[Columna6]]/60-Tabla6[[#This Row],[Columna7]]/(60*60),IF(Tabla6[[#This Row],[Columna5]]=0,IF(Tabla6[[#This Row],[Columna6]]>0,0+Tabla6[[#This Row],[Columna6]]/60+Tabla6[[#This Row],[Columna7]]/(60*60),IF(Tabla6[[#This Row],[Columna6]]<0,0-Tabla6[[#This Row],[Columna6]]/60-Tabla6[[#This Row],[Columna7]]/(60*60),"Error"))))) -> 34.65 | AL18: Ashdod
E19: D RL | F19: =IFERROR(Y18,0) -> 6143.6756 | G19: > 300' | I19: D GC | J19: =T21 -> 6131.824 | AC19: Auckland | AD19: -36 | AE19: 50 | AF19: 0 | AG19: =IF(Tabla6[[#This Row],[Columna1]]>0,Tabla6[[#This Row],[Columna1]]+Tabla6[[#This Row],[Columna2]]/60+Tabla6[[#This Row],[Columna3]]/(60*60),IF(Tabla6[[#This Row],[Columna1]]<0,Tabla6[[#This Row],[Columna1]]-Tabla6[[#This Row],[Columna2]]/60-Tabla6[[#This Row],[Columna3]]/(60*60),IF(Tabla6[[#This Row],[Columna1]]=0,IF(Tabla6[[#This Row],[Columna2]]>0,0+Tabla6[[#This Row],[Columna2]]/60+Tabla6[[#This Row],[Columna3]]/(60*60),IF(Tabla6[[#This Row],[Columna2]]<0,0-Tabla6[[#This Row],[Columna2]]/60-Tabla6[[#This Row],[Columna3]]/(60*60),"Error"))))) -> -36.833333 | AH19: 174 | AI19: 47 | AJ19: 0 | AK19: =IF(Tabla6[[#This Row],[Columna5]]>0,Tabla6[[#This Row],[Columna5]]+Tabla6[[#This Row],[Columna6]]/60+Tabla6[[#This Row],[Columna7]]/(60*60),IF(Tabla6[[#This Row],[Columna5]]<0,Tabla6[[#This Row],[Columna5]]-Tabla6[[#This Row],[Columna6]]/60-Tabla6[[#This Row],[Columna7]]/(60*60),IF(Tabla6[[#This Row],[Columna5]]=0,IF(Tabla6[[#This Row],[Columna6]]>0,0+Tabla6[[#This Row],[Columna6]]/60+Tabla6[[#This Row],[Columna7]]/(60*60),IF(Tabla6[[#This Row],[Columna6]]<0,0-Tabla6[[#This Row],[Columna6]]/60-Tabla6[[#This Row],[Columna7]]/(60*60),"Error"))))) -> 174.78333 | AL19: Auckland
E20: T RL (días) | F20: =IFERROR(F19/(F17*24),"") -> 17.065766 | G20: Ganancia | H20: =F19-J19 -> 11.851606 | I20: T GC (días) | J20: =IFERROR(J19/(F17*24),"") -> 17.032844 | L20: Paralelo Limt | M20: º | N20: ′ | O20: " | P20: N/S | S20: Cos D GC | T20: =SIN(RADIANS(F14))*SIN(RADIANS(M14))+COS(RADIANS(F14))*COS(RADIANS(M14))*COS(RADIANS(Z13)) -> -0.21127476 | U20: CotanRi | V20: =COS(RADIANS(F14))*TAN(RADIANS(M14))*_xlfn.CSC(RADIANS(Z13))-SIN(RADIANS(F14))*_xlfn.COT(RADIANS(Z13)) -> -1.859785 | W20: CosΔλ A-V | X20: =TAN(RADIANS(F14))*_xlfn.COT(RADIANS(V23)) -> 0.42635198 | Y20: D1 | Z20: =ACOS(SIN(RADIANS(F14))/SIN(RADIANS(Q21)))*180/PI()*60 -> #DIV/0! | AC20: Balboa | AD20: 8 | AE20: 57 | AF20: 0 | AG20: =IF(Tabla6[[#This Row],[Columna1]]>0,Tabla6[[#This Row],[Columna1]]+Tabla6[[#This Row],[Columna2]]/60+Tabla6[[#This Row],[Columna3]]/(60*60),IF(Tabla6[[#This Row],[Columna1]]<0,Tabla6[[#This Row],[Columna1]]-Tabla6[[#This Row],[Columna2]]/60-Tabla6[[#This Row],[Columna3]]/(60*60),IF(Tabla6[[#This Row],[Columna1]]=0,IF(Tabla6[[#This Row],[Columna2]]>0,0+Tabla6[[#This Row],[Columna2]]/60+Tabla6[[#This Row],[Columna3]]/(60*60),IF(Tabla6[[#This Row],[Columna2]]<0,0-Tabla6[[#This Row],[Columna2]]/60-Tabla6[[#This Row],[Columna3]]/(60*60),"Error"))))) -> 8.95 | AH20: -79 | AI20: 34 | AJ20: 0 | AK20: =IF(Tabla6[[#This Row],[Columna5]]>0,Tabla6[[#This Row],[Columna5]]+Tabla6[[#This Row],[Columna6]]/60+Tabla6[[#This Row],[Columna7]]/(60*60),IF(Tabla6[[#This Row],[Columna5]]<0,Tabla6[[#This Row],[Columna5]]-Tabla6[[#This Row],[Columna6]]/60-Tabla6[[#This Row],[Columna7]]/(60*60),IF(Tabla6[[#This Row],[Columna5]]=0,IF(Tabla6[[#This Row],[Columna6]]>0,0+Tabla6[[#This Row],[Columna6]]/60+Tabla6[[#This Row],[Columna7]]/(60*60),IF(Tabla6[[#This Row],[Columna6]]<0,0-Tabla6[[#This Row],[Columna6]]/60-Tabla6[[#This Row],[Columna7]]/(60*60),"Error"))))) -> -79.566667 | AL20: Balboa
P21: N | Q21: =IF(P21="N",M21+N21/60+O21/(60*60),IF(P21="S",-M21-N21/60-O21/(60*60))) -> 0 | S21: D GC | T21: =ACOS(T20)*60*180/PI() -> 6131.824 | U21: Ri | V21: =ATAN(1/V20)*180/PI() -> -28.266766 | W21: Δλ A-V | X21: =ACOS(IF(X20<0,(-1)*X20,X20))*180/PI() -> 64.763731 | Y21: D3 | Z21: =ACOS(SIN(RADIANS(M14))/SIN(RADIANS(Q21)))*180/PI()*60 -> #DIV/0! | AA21: "+180º" | AC21: Bangkok | AD21: 13 | AE21: 42 | AF21: 0 | AG21: =IF(Tabla6[[#This Row],[Columna1]]>0,Tabla6[[#This Row],[Columna1]]+Tabla6[[#This Row],[Columna2]]/60+Tabla6[[#This Row],[Columna3]]/(60*60),IF(Tabla6[[#This Row],[Columna1]]<0,Tabla6[[#This Row],[Columna1]]-Tabla6[[#This Row],[Columna2]]/60-Tabla6[[#This Row],[Columna3]]/(60*60),IF(Tabla6[[#This Row],[Columna1]]=0,IF(Tabla6[[#This Row],[Columna2]]>0,0+Tabla6[[#This Row],[Columna2]]/60+Tabla6[[#This Row],[Columna3]]/(60*60),IF(Tabla6[[#This Row],[Columna2]]<0,0-Tabla6[[#This Row],[Columna2]]/60-Tabla6[[#This Row],[Columna3]]/(60*60),"Error"))))) -> 13.7 | AH21: 100 | AI21: 34 | AJ21: 0 | AK21: =IF(Tabla6[[#This Row],[Columna5]]>0,Tabla6[[#This Row],[Columna5]]+Tabla6[[#This Row],[Columna6]]/60+Tabla6[[#This Row],[Columna7]]/(60*60),IF(Tabla6[[#This Row],[Columna5]]<0,Tabla6[[#This Row],[Columna5]]-Tabla6[[#This Row],[Columna6]]/60-Tabla6[[#This Row],[Columna7]]/(60*60),IF(Tabla6[[#This Row],[Columna5]]=0,IF(Tabla6[[#This Row],[Columna6]]>0,0+Tabla6[[#This Row],[Columna6]]/60+Tabla6[[#This Row],[Columna7]]/(60*60),IF(Tabla6[[#This Row],[Columna6]]<0,0-Tabla6[[#This Row],[Columna6]]/60-Tabla6[[#This Row],[Columna7]]/(60*60),"Error"))))) -> 100.56667 | AL21: Bangkok
E22: Derr. Elegida: | F22: =Interfaz!F142 -> GC | L22: D Limit. | M22: =IFERROR(Z20+Z21+Z25,0) -> 0 | U22: Cosβ | V22: =SIN(RADIANS(V21))*COS(RADIANS(F14)) -> -0.22790619 | X22: =IF(Z12+X21<0,Z12+X21+360,IF(Z12+X21>360,Z12+X21-360,Z12+X21)) -> 94.880397 | Y22: Δλ A-W1 | Z22: =ACOS(TAN(RADIANS(F14))/TAN(RADIANS(Q21)))*180/PI() -> #DIV/0! | AA22: =MOD(Z12 + IF(OR(AND(Z11>Z12, (Z11-Z12)<=180), AND(Z12>Z11, (Z12-Z11)>180)), Z22, -Z22), 360) -> #DIV/0! | AC22: Barcelona | AD22: 41 | AE22: 20 | AF22: 0 | AG22: =IF(Tabla6[[#This Row],[Columna1]]>0,Tabla6[[#This Row],[Columna1]]+Tabla6[[#This Row],[Columna2]]/60+Tabla6[[#This Row],[Columna3]]/(60*60),IF(Tabla6[[#This Row],[Columna1]]<0,Tabla6[[#This Row],[Columna1]]-Tabla6[[#This Row],[Columna2]]/60-Tabla6[[#This Row],[Columna3]]/(60*60),IF(Tabla6[[#This Row],[Columna1]]=0,IF(Tabla6[[#This Row],[Columna2]]>0,0+Tabla6[[#This Row],[Columna2]]/60+Tabla6[[#This Row],[Columna3]]/(60*60),IF(Tabla6[[#This Row],[Columna2]]<0,0-Tabla6[[#This Row],[Columna2]]/60-Tabla6[[#This Row],[Columna3]]/(60*60),"Error"))))) -> 41.333333 | AH22: 2 | AI22: 10 | AJ22: 0 | AK22: =IF(Tabla6[[#This Row],[Columna5]]>0,Tabla6[[#This Row],[Columna5]]+Tabla6[[#This Row],[Columna6]]/60+Tabla6[[#This Row],[Columna7]]/(60*60),IF(Tabla6[[#This Row],[Columna5]]<0,Tabla6[[#This Row],[Columna5]]-Tabla6[[#This Row],[Columna6]]/60-Tabla6[[#This Row],[Columna7]]/(60*60),IF(Tabla6[[#This Row],[Columna5]]=0,IF(Tabla6[[#This Row],[Columna6]]>0,0+Tabla6[[#This Row],[Columna6]]/60+Tabla6[[#This Row],[Columna7]]/(60*60),IF(Tabla6[[#This Row],[Columna6]]<0,0-Tabla6[[#This Row],[Columna6]]/60-Tabla6[[#This Row],[Columna7]]/(60*60),"Error"))))) -> 2.1666667 | AL22: Barcelona
E23: D (millas) | F23: =IF(F22="GC",J19,IF(F22="RL",F19,IF(F22="Para.Limit",M22,0))) -> 6131.824 | L23: T Limit (días) | M23: =IFERROR(M22/(F17*24),0) -> 0 | U23: ϕv | V23: =ACOS(IF(V22<0,(-1)*V22,V22))*180/PI() -> 76.826169 | W23: "-180º" | X23: =X22-180 -> -85.119603 | Y23: Δλ B-W2 | Z23: =ACOS(TAN(RADIANS(M14))/TAN(RADIANS(Q21)))*180/PI() -> #DIV/0! | AA23: =MOD(Z11 + IF(OR(AND(Z12>Z11, (Z12-Z11)<=180), AND(Z11>Z12, (Z11-Z12)>180)), Z23, -Z23), 360) -> #DIV/0! | AC23: Bilbao | AD23: 43 | AE23: 21 | AF23: 0 | AG23: =IF(Tabla6[[#This Row],[Columna1]]>0,Tabla6[[#This Row],[Columna1]]+Tabla6[[#This Row],[Columna2]]/60+Tabla6[[#This Row],[Columna3]]/(60*60),IF(Tabla6[[#This Row],[Columna1]]<0,Tabla6[[#This Row],[Columna1]]-Tabla6[[#This Row],[Columna2]]/60-Tabla6[[#This Row],[Columna3]]/(60*60),IF(Tabla6[[#This Row],[Columna1]]=0,IF(Tabla6[[#This Row],[Columna2]]>0,0+Tabla6[[#This Row],[Columna2]]/60+Tabla6[[#This Row],[Columna3]]/(60*60),IF(Tabla6[[#This Row],[Columna2]]<0,0-Tabla6[[#This Row],[Columna2]]/60-Tabla6[[#This Row],[Columna3]]/(60*60),"Error"))))) -> 43.35 | AH23: -3 | AI23: 2 | AJ23: 0 | AK23: =IF(Tabla6[[#This Row],[Columna5]]>0,Tabla6[[#This Row],[Columna5]]+Tabla6[[#This Row],[Columna6]]/60+Tabla6[[#This Row],[Columna7]]/(60*60),IF(Tabla6[[#This Row],[Columna5]]<0,Tabla6[[#This Row],[Columna5]]-Tabla6[[#This Row],[Columna6]]/60-Tabla6[[#This Row],[Columna7]]/(60*60),IF(Tabla6[[#This Row],[Columna5]]=0,IF(Tabla6[[#This Row],[Columna6]]>0,0+Tabla6[[#This Row],[Columna6]]/60+Tabla6[[#This Row],[Columna7]]/(60*60),IF(Tabla6[[#This Row],[Columna6]]<0,0-Tabla6[[#This Row],[Columna6]]/60-Tabla6[[#This Row],[Columna7]]/(60*60),"Error"))))) -> -3.0333333 | AL23: Bilbao
E24: T (días) | F24: =IF(F22="GC",J20,IF(F22="RL",F20,IF(F22="Para.Limit",M23,0))) -> 17.032844 | W24: "+180º" | X24: =X23+180 -> 94.880397 | Y24: Δλ | Z24: =IF(ABS(AA23-AA22)>180,360-ABS(AA23-AA22),ABS(AA23-AA22)) -> #DIV/0! | AC24: Bremen/Bremerhaven | AD24: 53 | AE24: 32 | AF24: 0 | AG24: =IF(Tabla6[[#This Row],[Columna1]]>0,Tabla6[[#This Row],[Columna1]]+Tabla6[[#This Row],[Columna2]]/60+Tabla6[[#This Row],[Columna3]]/(60*60),IF(Tabla6[[#This Row],[Columna1]]<0,Tabla6[[#This Row],[Columna1]]-Tabla6[[#This Row],[Columna2]]/60-Tabla6[[#This Row],[Columna3]]/(60*60),IF(Tabla6[[#This Row],[Columna1]]=0,IF(Tabla6[[#This Row],[Columna2]]>0,0+Tabla6[[#This Row],[Columna2]]/60+Tabla6[[#This Row],[Columna3]]/(60*60),IF(Tabla6[[#This Row],[Columna2]]<0,0-Tabla6[[#This Row],[Columna2]]/60-Tabla6[[#This Row],[Columna3]]/(60*60),"Error"))))) -> 53.533333 | AH24: 8 | AI24: 34 | AJ24: 0 | AK24: =IF(Tabla6[[#This Row],[Columna5]]>0,Tabla6[[#This Row],[Columna5]]+Tabla6[[#This Row],[Columna6]]/60+Tabla6[[#This Row],[Columna7]]/(60*60),IF(Tabla6[[#This Row],[Columna5]]<0,Tabla6[[#This Row],[Columna5]]-Tabla6[[#This Row],[Columna6]]/60-Tabla6[[#This Row],[Columna7]]/(60*60),IF(Tabla6[[#This Row],[Columna5]]=0,IF(Tabla6[[#This Row],[Columna6]]>0,0+Tabla6[[#This Row],[Columna6]]/60+Tabla6[[#This Row],[Columna7]]/(60*60),IF(Tabla6[[#This Row],[Columna6]]<0,0-Tabla6[[#This Row],[Columna6]]/60-Tabla6[[#This Row],[Columna7]]/(60*60),"Error"))))) -> 8.5666667 | AL24: Bremen/Bremerhaven
Y25: d2 | Z25: =Z24*COS(RADIANS(Q21))*60 -> #DIV/0! | AC25: Brisbane | AD25: -27 | AE25: 22 | AF25: 0 | AG25: =IF(Tabla6[[#This Row],[Columna1]]>0,Tabla6[[#This Row],[Columna1]]+Tabla6[[#This Row],[Columna2]]/60+Tabla6[[#This Row],[Columna3]]/(60*60),IF(Tabla6[[#This Row],[Columna1]]<0,Tabla6[[#This Row],[Columna1]]-Tabla6[[#This Row],[Columna2]]/60-Tabla6[[#This Row],[Columna3]]/(60*60),IF(Tabla6[[#This Row],[Columna1]]=0,IF(Tabla6[[#This Row],[Columna2]]>0,0+Tabla6[[#This Row],[Columna2]]/60+Tabla6[[#This Row],[Columna3]]/(60*60),IF(Tabla6[[#This Row],[Columna2]]<0,0-Tabla6[[#This Row],[Columna2]]/60-Tabla6[[#This Row],[Columna3]]/(60*60),"Error"))))) -> -27.366667 | AH25: 153 | AI25: 10 | AJ25: 0 | AK25: =IF(Tabla6[[#This Row],[Columna5]]>0,Tabla6[[#This Row],[Columna5]]+Tabla6[[#This Row],[Columna6]]/60+Tabla6[[#This Row],[Columna7]]/(60*60),IF(Tabla6[[#This Row],[Columna5]]<0,Tabla6[[#This Row],[Columna5]]-Tabla6[[#This Row],[Columna6]]/60-Tabla6[[#This Row],[Columna7]]/(60*60),IF(Tabla6[[#This Row],[Columna5]]=0,IF(Tabla6[[#This Row],[Columna6]]>0,0+Tabla6[[#This Row],[Columna6]]/60+Tabla6[[#This Row],[Columna7]]/(60*60),IF(Tabla6[[#This Row],[Columna6]]<0,0-Tabla6[[#This Row],[Columna6]]/60-Tabla6[[#This Row],[Columna7]]/(60*60),"Error"))))) -> 153.16667 | AL25: Brisbane
AC26: Buenos Aires | AD26: -34 | AE26: 36 | AF26: 0 | AG26: =IF(Tabla6[[#This Row],[Columna1]]>0,Tabla6[[#This Row],[Columna1]]+Tabla6[[#This Row],[Columna2]]/60+Tabla6[[#This Row],[Columna3]]/(60*60),IF(Tabla6[[#This Row],[Columna1]]<0,Tabla6[[#This Row],[Columna1]]-Tabla6[[#This Row],[Columna2]]/60-Tabla6[[#This Row],[Columna3]]/(60*60),IF(Tabla6[[#This Row],[Columna1]]=0,IF(Tabla6[[#This Row],[Columna2]]>0,0+Tabla6[[#This Row],[Columna2]]/60+Tabla6[[#This Row],[Columna3]]/(60*60),IF(Tabla6[[#This Row],[Columna2]]<0,0-Tabla6[[#This Row],[Columna2]]/60-Tabla6[[#This Row],[Columna3]]/(60*60),"Error"))))) -> -34.6 | AH26: -58 | AI26: 22 | AJ26: 0 | AK26: =IF(Tabla6[[#This Row],[Columna5]]>0,Tabla6[[#This Row],[Columna5]]+Tabla6[[#This Row],[Columna6]]/60+Tabla6[[#This Row],[Columna7]]/(60*60),IF(Tabla6[[#This Row],[Columna5]]<0,Tabla6[[#This Row],[Columna5]]-Tabla6[[#This Row],[Columna6]]/60-Tabla6[[#This Row],[Columna7]]/(60*60),IF(Tabla6[[#This Row],[Columna5]]=0,IF(Tabla6[[#This Row],[Columna6]]>0,0+Tabla6[[#This Row],[Columna6]]/60+Tabla6[[#This Row],[Columna7]]/(60*60),IF(Tabla6[[#This Row],[Columna6]]<0,0-Tabla6[[#This Row],[Columna6]]/60-Tabla6[[#This Row],[Columna7]]/(60*60),"Error"))))) -> -58.366667 | AL26: Buenos Aires
AC27: Busan | AD27: 35 | AE27: 6 | AF27: 0 | AG27: =IF(Tabla6[[#This Row],[Columna1]]>0,Tabla6[[#This Row],[Columna1]]+Tabla6[[#This Row],[Columna2]]/60+Tabla6[[#This Row],[Columna3]]/(60*60),IF(Tabla6[[#This Row],[Columna1]]<0,Tabla6[[#This Row],[Columna1]]-Tabla6[[#This Row],[Columna2]]/60-Tabla6[[#This Row],[Columna3]]/(60*60),IF(Tabla6[[#This Row],[Columna1]]=0,IF(Tabla6[[#This Row],[Columna2]]>0,0+Tabla6[[#This Row],[Columna2]]/60+Tabla6[[#This Row],[Columna3]]/(60*60),IF(Tabla6[[#This Row],[Columna2]]<0,0-Tabla6[[#This Row],[Columna2]]/60-Tabla6[[#This Row],[Columna3]]/(60*60),"Error"))))) -> 35.1 | AH27: 129 | AI27: 2 | AJ27: 0 | AK27: =IF(Tabla6[[#This Row],[Columna5]]>0,Tabla6[[#This Row],[Columna5]]+Tabla6[[#This Row],[Columna6]]/60+Tabla6[[#This Row],[Columna7]]/(60*60),IF(Tabla6[[#This Row],[Columna5]]<0,Tabla6[[#This Row],[Columna5]]-Tabla6[[#This Row],[Columna6]]/60-Tabla6[[#This Row],[Columna7]]/(60*60),IF(Tabla6[[#This Row],[Columna5]]=0,IF(Tabla6[[#This Row],[Columna6]]>0,0+Tabla6[[#This Row],[Columna6]]/60+Tabla6[[#This Row],[Columna7]]/(60*60),IF(Tabla6[[#This Row],[Columna6]]<0,0-Tabla6[[#This Row],[Columna6]]/60-Tabla6[[#This Row],[Columna7]]/(60*60),"Error"))))) -> 129.03333 | AL27: Busan
AC28: Calcuta | AD28: 22 | AE28: 32 | AF28: 0 | AG28: =IF(Tabla6[[#This Row],[Columna1]]>0,Tabla6[[#This Row],[Columna1]]+Tabla6[[#This Row],[Columna2]]/60+Tabla6[[#This Row],[Columna3]]/(60*60),IF(Tabla6[[#This Row],[Columna1]]<0,Tabla6[[#This Row],[Columna1]]-Tabla6[[#This Row],[Columna2]]/60-Tabla6[[#This Row],[Columna3]]/(60*60),IF(Tabla6[[#This Row],[Columna1]]=0,IF(Tabla6[[#This Row],[Columna2]]>0,0+Tabla6[[#This Row],[Columna2]]/60+Tabla6[[#This Row],[Columna3]]/(60*60),IF(Tabla6[[#This Row],[Columna2]]<0,0-Tabla6[[#This Row],[Columna2]]/60-Tabla6[[#This Row],[Columna3]]/(60*60),"Error"))))) -> 22.533333 | AH28: 88 | AI28: 18 | AJ28: 0 | AK28: =IF(Tabla6[[#This Row],[Columna5]]>0,Tabla6[[#This Row],[Columna5]]+Tabla6[[#This Row],[Columna6]]/60+Tabla6[[#This Row],[Columna7]]/(60*60),IF(Tabla6[[#This Row],[Columna5]]<0,Tabla6[[#This Row],[Columna5]]-Tabla6[[#This Row],[Columna6]]/60-Tabla6[[#This Row],[Columna7]]/(60*60),IF(Tabla6[[#This Row],[Columna5]]=0,IF(Tabla6[[#This Row],[Columna6]]>0,0+Tabla6[[#This Row],[Columna6]]/60+Tabla6[[#This Row],[Columna7]]/(60*60),IF(Tabla6[[#This Row],[Columna6]]<0,0-Tabla6[[#This Row],[Columna6]]/60-Tabla6[[#This Row],[Columna7]]/(60*60),"Error"))))) -> 88.3 | AL28: Calcuta
AC29: Callao | AD29: -12 | AE29: 3 | AF29: 0 | AG29: =IF(Tabla6[[#This Row],[Columna1]]>0,Tabla6[[#This Row],[Columna1]]+Tabla6[[#This Row],[Columna2]]/60+Tabla6[[#This Row],[Columna3]]/(60*60),IF(Tabla6[[#This Row],[Columna1]]<0,Tabla6[[#This Row],[Columna1]]-Tabla6[[#This Row],[Columna2]]/60-Tabla6[[#This Row],[Columna3]]/(60*60),IF(Tabla6[[#This Row],[Columna1]]=0,IF(Tabla6[[#This Row],[Columna2]]>0,0+Tabla6[[#This Row],[Columna2]]/60+Tabla6[[#This Row],[Columna3]]/(60*60),IF(Tabla6[[#This Row],[Columna2]]<0,0-Tabla6[[#This Row],[Columna2]]/60-Tabla6[[#This Row],[Columna3]]/(60*60),"Error"))))) -> -12.05 | AH29: -77 | AI29: 8 | AJ29: 0 | AK29: =IF(Tabla6[[#This Row],[Columna5]]>0,Tabla6[[#This Row],[Columna5]]+Tabla6[[#This Row],[Columna6]]/60+Tabla6[[#This Row],[Columna7]]/(60*60),IF(Tabla6[[#This Row],[Columna5]]<0,Tabla6[[#This Row],[Columna5]]-Tabla6[[#This Row],[Columna6]]/60-Tabla6[[#This Row],[Columna7]]/(60*60),IF(Tabla6[[#This Row],[Columna5]]=0,IF(Tabla6[[#This Row],[Columna6]]>0,0+Tabla6[[#This Row],[Columna6]]/60+Tabla6[[#This Row],[Columna7]]/(60*60),IF(Tabla6[[#This Row],[Columna6]]<0,0-Tabla6[[#This Row],[Columna6]]/60-Tabla6[[#This Row],[Columna7]]/(60*60),"Error"))))) -> -77.133333 | AL29: Callao
AC30: Cartagena | AD30: 10 | AE30: 24 | AF30: 0 | AG30: =IF(Tabla6[[#This Row],[Columna1]]>0,Tabla6[[#This Row],[Columna1]]+Tabla6[[#This Row],[Columna2]]/60+Tabla6[[#This Row],[Columna3]]/(60*60),IF(Tabla6[[#This Row],[Columna1]]<0,Tabla6[[#This Row],[Columna1]]-Tabla6[[#This Row],[Columna2]]/60-Tabla6[[#This Row],[Columna3]]/(60*60),IF(Tabla6[[#This Row],[Columna1]]=0,IF(Tabla6[[#This Row],[Columna2]]>0,0+Tabla6[[#This Row],[Columna2]]/60+Tabla6[[#This Row],[Columna3]]/(60*60),IF(Tabla6[[#This Row],[Columna2]]<0,0-Tabla6[[#This Row],[Columna2]]/60-Tabla6[[#This Row],[Columna3]]/(60*60),"Error"))))) -> 10.4 | AH30: -75 | AI30: 32 | AJ30: 0 | AK30: =IF(Tabla6[[#This Row],[Columna5]]>0,Tabla6[[#This Row],[Columna5]]+Tabla6[[#This Row],[Columna6]]/60+Tabla6[[#This Row],[Columna7]]/(60*60),IF(Tabla6[[#This Row],[Columna5]]<0,Tabla6[[#This Row],[Columna5]]-Tabla6[[#This Row],[Columna6]]/60-Tabla6[[#This Row],[Columna7]]/(60*60),IF(Tabla6[[#This Row],[Columna5]]=0,IF(Tabla6[[#This Row],[Columna6]]>0,0+Tabla6[[#This Row],[Columna6]]/60+Tabla6[[#This Row],[Columna7]]/(60*60),IF(Tabla6[[#This Row],[Columna6]]<0,0-Tabla6[[#This Row],[Columna6]]/60-Tabla6[[#This Row],[Columna7]]/(60*60),"Error"))))) -> -75.533333 | AL30: Cartagena
AC31: Chennai | AD31: 13 | AE31: 5 | AF31: 0 | AG31: =IF(Tabla6[[#This Row],[Columna1]]>0,Tabla6[[#This Row],[Columna1]]+Tabla6[[#This Row],[Columna2]]/60+Tabla6[[#This Row],[Columna3]]/(60*60),IF(Tabla6[[#This Row],[Columna1]]<0,Tabla6[[#This Row],[Columna1]]-Tabla6[[#This Row],[Columna2]]/60-Tabla6[[#This Row],[Columna3]]/(60*60),IF(Tabla6[[#This Row],[Columna1]]=0,IF(Tabla6[[#This Row],[Columna2]]>0,0+Tabla6[[#This Row],[Columna2]]/60+Tabla6[[#This Row],[Columna3]]/(60*60),IF(Tabla6[[#This Row],[Columna2]]<0,0-Tabla6[[#This Row],[Columna2]]/60-Tabla6[[#This Row],[Columna3]]/(60*60),"Error"))))) -> 13.083333 | AH31: 80 | AI31: 17 | AJ31: 0 | AK31: =IF(Tabla6[[#This Row],[Columna5]]>0,Tabla6[[#This Row],[Columna5]]+Tabla6[[#This Row],[Columna6]]/60+Tabla6[[#This Row],[Columna7]]/(60*60),IF(Tabla6[[#This Row],[Columna5]]<0,Tabla6[[#This Row],[Columna5]]-Tabla6[[#This Row],[Columna6]]/60-Tabla6[[#This Row],[Columna7]]/(60*60),IF(Tabla6[[#This Row],[Columna5]]=0,IF(Tabla6[[#This Row],[Columna6]]>0,0+Tabla6[[#This Row],[Columna6]]/60+Tabla6[[#This Row],[Columna7]]/(60*60),IF(Tabla6[[#This Row],[Columna6]]<0,0-Tabla6[[#This Row],[Columna6]]/60-Tabla6[[#This Row],[Columna7]]/(60*60),"Error"))))) -> 80.283333 | AL31: Chennai
AC32: Chittagong | AD32: 22 | AE32: 18 | AF32: 0 | AG32: =IF(Tabla6[[#This Row],[Columna1]]>0,Tabla6[[#This Row],[Columna1]]+Tabla6[[#This Row],[Columna2]]/60+Tabla6[[#This Row],[Columna3]]/(60*60),IF(Tabla6[[#This Row],[Columna1]]<0,Tabla6[[#This Row],[Columna1]]-Tabla6[[#This Row],[Columna2]]/60-Tabla6[[#This Row],[Columna3]]/(60*60),IF(Tabla6[[#This Row],[Columna1]]=0,IF(Tabla6[[#This Row],[Columna2]]>0,0+Tabla6[[#This Row],[Columna2]]/60+Tabla6[[#This Row],[Columna3]]/(60*60),IF(Tabla6[[#This Row],[Columna2]]<0,0-Tabla6[[#This Row],[Columna2]]/60-Tabla6[[#This Row],[Columna3]]/(60*60),"Error"))))) -> 22.3 | AH32: 91 | AI32: 48 | AJ32: 0 | AK32: =IF(Tabla6[[#This Row],[Columna5]]>0,Tabla6[[#This Row],[Columna5]]+Tabla6[[#This Row],[Columna6]]/60+Tabla6[[#This Row],[Columna7]]/(60*60),IF(Tabla6[[#This Row],[Columna5]]<0,Tabla6[[#This Row],[Columna5]]-Tabla6[[#This Row],[Columna6]]/60-Tabla6[[#This Row],[Columna7]]/(60*60),IF(Tabla6[[#This Row],[Columna5]]=0,IF(Tabla6[[#This Row],[Columna6]]>0,0+Tabla6[[#This Row],[Columna6]]/60+Tabla6[[#This Row],[Columna7]]/(60*60),IF(Tabla6[[#This Row],[Columna6]]<0,0-Tabla6[[#This Row],[Columna6]]/60-Tabla6[[#This Row],[Columna7]]/(60*60),"Error"))))) -> 91.8 | AL32: Chittagong
AC33: Ciudad del Cabo | AD33: -33 | AE33: 54 | AF33: 0 | AG33: =IF(Tabla6[[#This Row],[Columna1]]>0,Tabla6[[#This Row],[Columna1]]+Tabla6[[#This Row],[Columna2]]/60+Tabla6[[#This Row],[Columna3]]/(60*60),IF(Tabla6[[#This Row],[Columna1]]<0,Tabla6[[#This Row],[Columna1]]-Tabla6[[#This Row],[Columna2]]/60-Tabla6[[#This Row],[Columna3]]/(60*60),IF(Tabla6[[#This Row],[Columna1]]=0,IF(Tabla6[[#This Row],[Columna2]]>0,0+Tabla6[[#This Row],[Columna2]]/60+Tabla6[[#This Row],[Columna3]]/(60*60),IF(Tabla6[[#This Row],[Columna2]]<0,0-Tabla6[[#This Row],[Columna2]]/60-Tabla6[[#This Row],[Columna3]]/(60*60),"Error"))))) -> -33.9 | AH33: 18 | AI33: 26 | AJ33: 0 | AK33: =IF(Tabla6[[#This Row],[Columna5]]>0,Tabla6[[#This Row],[Columna5]]+Tabla6[[#This Row],[Columna6]]/60+Tabla6[[#This Row],[Columna7]]/(60*60),IF(Tabla6[[#This Row],[Columna5]]<0,Tabla6[[#This Row],[Columna5]]-Tabla6[[#This Row],[Columna6]]/60-Tabla6[[#This Row],[Columna7]]/(60*60),IF(Tabla6[[#This Row],[Columna5]]=0,IF(Tabla6[[#This Row],[Columna6]]>0,0+Tabla6[[#This Row],[Columna6]]/60+Tabla6[[#This Row],[Columna7]]/(60*60),IF(Tabla6[[#This Row],[Columna6]]<0,0-Tabla6[[#This Row],[Columna6]]/60-Tabla6[[#This Row],[Columna7]]/(60*60),"Error"))))) -> 18.433333 | AL33: Ciudad del Cabo
AC34: Colombo | AD34: 6 | AE34: 57 | AF34: 0 | AG34: =IF(Tabla6[[#This Row],[Columna1]]>0,Tabla6[[#This Row],[Columna1]]+Tabla6[[#This Row],[Columna2]]/60+Tabla6[[#This Row],[Columna3]]/(60*60),IF(Tabla6[[#This Row],[Columna1]]<0,Tabla6[[#This Row],[Columna1]]-Tabla6[[#This Row],[Columna2]]/60-Tabla6[[#This Row],[Columna3]]/(60*60),IF(Tabla6[[#This Row],[Columna1]]=0,IF(Tabla6[[#This Row],[Columna2]]>0,0+Tabla6[[#This Row],[Columna2]]/60+Tabla6[[#This Row],[Columna3]]/(60*60),IF(Tabla6[[#This Row],[Columna2]]<0,0-Tabla6[[#This Row],[Columna2]]/60-Tabla6[[#This Row],[Columna3]]/(60*60),"Error"))))) -> 6.95 | AH34: 79 | AI34: 51 | AJ34: 0 | AK34: =IF(Tabla6[[#This Row],[Columna5]]>0,Tabla6[[#This Row],[Columna5]]+Tabla6[[#This Row],[Columna6]]/60+Tabla6[[#This Row],[Columna7]]/(60*60),IF(Tabla6[[#This Row],[Columna5]]<0,Tabla6[[#This Row],[Columna5]]-Tabla6[[#This Row],[Columna6]]/60-Tabla6[[#This Row],[Columna7]]/(60*60),IF(Tabla6[[#This Row],[Columna5]]=0,IF(Tabla6[[#This Row],[Columna6]]>0,0+Tabla6[[#This Row],[Columna6]]/60+Tabla6[[#This Row],[Columna7]]/(60*60),IF(Tabla6[[#This Row],[Columna6]]<0,0-Tabla6[[#This Row],[Columna6]]/60-Tabla6[[#This Row],[Columna7]]/(60*60),"Error"))))) -> 79.85 | AL34: Colombo
AC35: Colón | AD35: 9 | AE35: 21 | AF35: 0 | AG35: =IF(Tabla6[[#This Row],[Columna1]]>0,Tabla6[[#This Row],[Columna1]]+Tabla6[[#This Row],[Columna2]]/60+Tabla6[[#This Row],[Columna3]]/(60*60),IF(Tabla6[[#This Row],[Columna1]]<0,Tabla6[[#This Row],[Columna1]]-Tabla6[[#This Row],[Columna2]]/60-Tabla6[[#This Row],[Columna3]]/(60*60),IF(Tabla6[[#This Row],[Columna1]]=0,IF(Tabla6[[#This Row],[Columna2]]>0,0+Tabla6[[#This Row],[Columna2]]/60+Tabla6[[#This Row],[Columna3]]/(60*60),IF(Tabla6[[#This Row],[Columna2]]<0,0-Tabla6[[#This Row],[Columna2]]/60-Tabla6[[#This Row],[Columna3]]/(60*60),"Error"))))) -> 9.35 | AH35: -79 | AI35: 54 | AJ35: 0 | AK35: =IF(Tabla6[[#This Row],[Columna5]]>0,Tabla6[[#This Row],[Columna5]]+Tabla6[[#This Row],[Columna6]]/60+Tabla6[[#This Row],[Columna7]]/(60*60),IF(Tabla6[[#This Row],[Columna5]]<0,Tabla6[[#This Row],[Columna5]]-Tabla6[[#This Row],[Columna6]]/60-Tabla6[[#This Row],[Columna7]]/(60*60),IF(Tabla6[[#This Row],[Columna5]]=0,IF(Tabla6[[#This Row],[Columna6]]>0,0+Tabla6[[#This Row],[Columna6]]/60+Tabla6[[#This Row],[Columna7]]/(60*60),IF(Tabla6[[#This Row],[Columna6]]<0,0-Tabla6[[#This Row],[Columna6]]/60-Tabla6[[#This Row],[Columna7]]/(60*60),"Error"))))) -> -79.9 | AL35: Colón
AC36: Dakar | AD36: 14 | AE36: 40 | AF36: 0 | AG36: =IF(Tabla6[[#This Row],[Columna1]]>0,Tabla6[[#This Row],[Columna1]]+Tabla6[[#This Row],[Columna2]]/60+Tabla6[[#This Row],[Columna3]]/(60*60),IF(Tabla6[[#This Row],[Columna1]]<0,Tabla6[[#This Row],[Columna1]]-Tabla6[[#This Row],[Columna2]]/60-Tabla6[[#This Row],[Columna3]]/(60*60),IF(Tabla6[[#This Row],[Columna1]]=0,IF(Tabla6[[#This Row],[Columna2]]>0,0+Tabla6[[#This Row],[Columna2]]/60+Tabla6[[#This Row],[Columna3]]/(60*60),IF(Tabla6[[#This Row],[Columna2]]<0,0-Tabla6[[#This Row],[Columna2]]/60-Tabla6[[#This Row],[Columna3]]/(60*60),"Error"))))) -> 14.666667 | AH36: -17 | AI36: 25 | AJ36: 0 | AK36: =IF(Tabla6[[#This Row],[Columna5]]>0,Tabla6[[#This Row],[Columna5]]+Tabla6[[#This Row],[Columna6]]/60+Tabla6[[#This Row],[Columna7]]/(60*60),IF(Tabla6[[#This Row],[Columna5]]<0,Tabla6[[#This Row],[Columna5]]-Tabla6[[#This Row],[Columna6]]/60-Tabla6[[#This Row],[Columna7]]/(60*60),IF(Tabla6[[#This Row],[Columna5]]=0,IF(Tabla6[[#This Row],[Columna6]]>0,0+Tabla6[[#This Row],[Columna6]]/60+Tabla6[[#This Row],[Columna7]]/(60*60),IF(Tabla6[[#This Row],[Columna6]]<0,0-Tabla6[[#This Row],[Columna6]]/60-Tabla6[[#This Row],[Columna7]]/(60*60),"Error"))))) -> -17.416667 | AL36: Dakar
AC37: Durban | AD37: -29 | AE37: 52 | AF37: 0 | AG37: =IF(Tabla6[[#This Row],[Columna1]]>0,Tabla6[[#This Row],[Columna1]]+Tabla6[[#This Row],[Columna2]]/60+Tabla6[[#This Row],[Columna3]]/(60*60),IF(Tabla6[[#This Row],[Columna1]]<0,Tabla6[[#This Row],[Columna1]]-Tabla6[[#This Row],[Columna2]]/60-Tabla6[[#This Row],[Columna3]]/(60*60),IF(Tabla6[[#This Row],[Columna1]]=0,IF(Tabla6[[#This Row],[Columna2]]>0,0+Tabla6[[#This Row],[Columna2]]/60+Tabla6[[#This Row],[Columna3]]/(60*60),IF(Tabla6[[#This Row],[Columna2]]<0,0-Tabla6[[#This Row],[Columna2]]/60-Tabla6[[#This Row],[Columna3]]/(60*60),"Error"))))) -> -29.866667 | AH37: 31 | AI37: 2 | AJ37: 0 | AK37: =IF(Tabla6[[#This Row],[Columna5]]>0,Tabla6[[#This Row],[Columna5]]+Tabla6[[#This Row],[Columna6]]/60+Tabla6[[#This Row],[Columna7]]/(60*60),IF(Tabla6[[#This Row],[Columna5]]<0,Tabla6[[#This Row],[Columna5]]-Tabla6[[#This Row],[Columna6]]/60-Tabla6[[#This Row],[Columna7]]/(60*60),IF(Tabla6[[#This Row],[Columna5]]=0,IF(Tabla6[[#This Row],[Columna6]]>0,0+Tabla6[[#This Row],[Columna6]]/60+Tabla6[[#This Row],[Columna7]]/(60*60),IF(Tabla6[[#This Row],[Columna6]]<0,0-Tabla6[[#This Row],[Columna6]]/60-Tabla6[[#This Row],[Columna7]]/(60*60),"Error"))))) -> 31.033333 | AL37: Durban
... AC119: Yokohama | AD119: 35 | AE119: 27 | AF119: 0 | AG119: =IF(Tabla6[[#This Row],[Columna1]]>0,Tabla6[[#This Row],[Columna1]]+Tabla6[[#This Row],[Columna2]]/60+Tabla6[[#This Row],[Columna3]]/(60*60),IF(Tabla6[[#This Row],[Columna1]]<0,Tabla6[[#This Row],[Columna1]]-Tabla6[[#This Row],[Columna2]]/60-Tabla6[[#This Row],[Columna3]]/(60*60),IF(Tabla6[[#This Row],[Columna1]]=0,IF(Tabla6[[#This Row],[Columna2]]>0,0+Tabla6[[#This Row],[Columna2]]/60+Tabla6[[#This Row],[Columna3]]/(60*60),IF(Tabla6[[#This Row],[Columna2]]<0,0-Tabla6[[#This Row],[Columna2]]/60-Tabla6[[#This Row],[Columna3]]/(60*60),"Error"))))) -> 35.45 | AH119: 139 | AI119: 39 | AJ119: 0 | AK119: =IF(Tabla6[[#This Row],[Columna5]]>0,Tabla6[[#This Row],[Columna5]]+Tabla6[[#This Row],[Columna6]]/60+Tabla6[[#This Row],[Columna7]]/(60*60),IF(Tabla6[[#This Row],[Columna5]]<0,Tabla6[[#This Row],[Columna5]]-Tabla6[[#This Row],[Columna6]]/60-Tabla6[[#This Row],[Columna7]]/(60*60),IF(Tabla6[[#This Row],[Columna5]]=0,IF(Tabla6[[#This Row],[Columna6]]>0,0+Tabla6[[#This Row],[Columna6]]/60+Tabla6[[#This Row],[Columna7]]/(60*60),IF(Tabla6[[#This Row],[Columna6]]<0,0-Tabla6[[#This Row],[Columna6]]/60-Tabla6[[#This Row],[Columna7]]/(60*60),"Error"))))) -> 139.65 | AL119: Yokohama

Sheet D Actual
O6: Ocultar
E7: Bodegas | F7: F/Slc | H7: D/V/% | K7: Fe/d | N7: D Tm ACT | O7: V m3 | P7: Fe m3/Tm | Q7: Water Ballast | R7: F/Slc | T7: % | U7: d | V7: =Interfaz!I38 -> 1.025 | W7: Tm | X7: m3 | Y7: D Tm ACT | Z7: V m3 | AA7: d | AB7: Lubricating Oil | AC7: F/Slc | AE7: % | AF7: d | AG7: =Interfaz!I66 -> 0.9 | AH7: Tm | AI7: m3 | AJ7: D Tm ACT | AK7: V m3 | AL7: d | AM7: Otros Pesos | AN7: Peso (Tm) | AO7: VCG | AP7: MV | AQ7: LCG | AR7: ML | AS7: TCG | AT7: MT
E8: B1 | F8: {=Interfaz!F12:F16} -> Vacio | H8: {=Interfaz!G12:G16} -> 0 | I8: {=Interfaz!H12:H16} -> 0 | J8: {=Interfaz!I12:I16} -> 0 | K8: {=Interfaz!J12:J16} -> 0 | L8: {=Interfaz!K12:K16} -> 0 | M8: {=Interfaz!L12:L16} -> 0 | N8: =IFERROR(IF(F8="Vacio",0,IF(OR(F8="Full",G8="%"),O8/P8,IF(AND(G8="D",I8="Tm"),H8,IF(AND(G8="D",I8="LT"),H8*1.01605,IF(G8="V",O8/P8,0))))),"Error") -> 0 | O8: =IF(F8="Full",TTHH!Y10,IF(F8="Vacio",0,IF(G8="%",TTHH!C9*H8/100,IF(AND(G8="V",I8="m3"),H8,IF(AND(G8="V",I8="ft3"),H8*0.028316,IF(G8="D",N8*P8,0)))))) -> 0 | P8: =IF(OR(AND(L8="m3",M8="Tm"),AND(M8="m3",L8="Tm")), E13, IF(OR(AND(L8="m3",M8="LT"),AND(M8="m3",L8="LT")), E13/1.01605, IF(OR(AND(L8="ft3",M8="Tm"),AND(M8="ft3",L8="Tm")), E13*0.028316, IF(OR(AND(L8="ft3",M8="LT"),AND(M8="ft3",L8="LT")), E13*(0.028316/1.01605), 0)))) -> 0 | Q8: Fore Peak tank | R8: {=Interfaz!F39:F63} -> Full | S8: % | T8: {=Interfaz!G39:G63} -> 0 | U8: {=Interfaz!H39:H63} -> Igual | V8: {=Interfaz!I39:I63} -> 0 | W8: {=Interfaz!J39:J63} -> 0 | X8: {=Interfaz!K39:K63} -> 0 | Y8: =IFERROR(IF(R8="Vacio",0,IF(OR(R8="Full",S8="%"),Z8*AA8,IF(AND(S8="D",#REF!="Tm"),T8,IF(AND(S8="D",#REF!="LT"),T8*1.01605,IF(S8="V",Z8*AA8,0))))),"Error") -> 1921.1575 | Z8: =IF(R8="Full",TTHH!C21,IF(R8="Vacio",0,IF(S8="%",TTHH!C21*T8/100,IF(AND(S8="V",#REF!="m3"),T8,IF(AND(S8="V",#REF!="ft3"),T8*0.028316,IF(S8="D",Y8*AA8,0)))))) -> 1874.3 | AA8: =IF(R8="Vacio",0,IF(U8="Igual",$V$7,IF(AND(W8="Tm",X8="m3"),V8,IF(AND(W8="Tm",X8="ft3"),V8/0.028316,IF(AND(W8="LT",X8="m3"),V8*1.01605,IF(AND(W8="LT",X8="ft3"),V8*(1.01605/0.028316),0)))))) -> 1.025 | AB8: LO Store Tk 1 | AC8: {=Interfaz!F67:F76} -> 0 | AD8: % | AE8: {=Interfaz!G67:G76} -> 0 | AF8: {=Interfaz!H67:H76} -> 0 | AG8: {=Interfaz!I67:I76} -> 0 | AH8: {=Interfaz!J67:J76} -> 0 | AI8: {=Interfaz!K67:K76} -> 0 | AJ8: =IFERROR(IF(AC8="Vacio",0,IF(OR(AC8="Full",AD8="%"),AK8*AL8,IF(AND(AD8="D",#REF!="Tm"),AE8,IF(AND(AD8="D",#REF!="LT"),AE8*1.01605,IF(AD8="V",AK8*AL8,0))))),"Error") -> 0 | AK8: =IF(AC8="Full",TTHH!C80,IF(AC8="Vacio",0,IF(AD8="%",TTHH!C80*AE8/100,IF(AND(AD8="V",#REF!="m3"),AE8,IF(AND(AD8="V",#REF!="ft3"),AE8*0.028316,IF(AD8="D",AJ8*AL8,0)))))) -> 0 | AL8: =IF(AC8="Vacio",0,IF(AF8="Igual",$AG$7,IF(AND(AH8="Tm",AI8="m3"),AG8,IF(AND(AH8="Tm",AI8="ft3"),AG8/0.028316,IF(AND(AH8="LT",AI8="m3"),AG8*1.01605,IF(AND(AH8="LT",AI8="ft3"),AG8*(1.01605/0.028316),0)))))) -> 0 | AM8: Peso Nº 1 | AN8: {=Interfaz!F99:F108} -> 15 | AO8: {=Interfaz!G99:G108} -> 17 | AP8: =AN8*AO8 -> 255 | AQ8: {=Interfaz!I99:I108} -> 20 | AR8: =AN8*AQ8 -> 300 | AS8: {=Interfaz!K99:K108} -> 10 | AT8: =AN8*AS8 -> 150
E9: B2 | F9: Vacio | H9: 0 | I9: 0 | J9: 0 | K9: 0 | L9: 0 | M9: 0 | N9: =IFERROR(IF(F9="Vacio",0,IF(OR(F9="Full",G9="%"),O9/P9,IF(AND(G9="D",I9="Tm"),H9,IF(AND(G9="D",I9="LT"),H9*1.01605,IF(G9="V",O9/P9,0))))),"Error") -> 0 | O9: =IF(F9="Full",TTHH!AF10,IF(F9="Vacio",0,IF(G9="%",TTHH!C10*H9/100,IF(AND(G9="V",I9="m3"),H9,IF(AND(G9="V",I9="ft3"),H9*0.028316,IF(G9="D",N9*P9,0)))))) -> 0 | P9: =IF(OR(AND(L9="m3",M9="Tm"),AND(M9="m3",L9="Tm")), H13, IF(OR(AND(L9="m3",M9="LT"),AND(M9="m3",L9="LT")), H13/1.01605, IF(OR(AND(L9="ft3",M9="Tm"),AND(M9="ft3",L9="Tm")), H13*0.028316, IF(OR(AND(L9="ft3",M9="LT"),AND(M9="ft3",L9="LT")), H13*(0.028316/1.01605), 0)))) -> 0 | Q9: DB Ballast P 1 | R9: Full | S9: % | T9: 0 | U9: Igual | V9: 0 | W9: 0 | X9: 0 | Y9: =IFERROR(IF(R9="Vacio",0,IF(OR(R9="Full",S9="%"),Z9*AA9,IF(AND(S9="D",#REF!="Tm"),T9,IF(AND(S9="D",#REF!="LT"),T9*1.01605,IF(S9="V",Z9*AA9,0))))),"Error") -> 251.6375 | Z9: =IF(R9="Full",TTHH!C22,IF(R9="Vacio",0,IF(S9="%",TTHH!C22*T9/100,IF(AND(S9="V",#REF!="m3"),T9,IF(AND(S9="V",#REF!="ft3"),T9*0.028316,IF(S9="D",Y9*AA9,0)))))) -> 245.5 | AA9: =IF(R9="Vacio",0,IF(U9="Igual",$V$7,IF(AND(W9="Tm",X9="m3"),V9,IF(AND(W9="Tm",X9="ft3"),V9/0.028316,IF(AND(W9="LT",X9="m3"),V9*1.01605,IF(AND(W9="LT",X9="ft3"),V9*(1.01605/0.028316),0)))))) -> 1.025 | AB9: LO Store Tk 2 | AC9: Full | AD9: % | AE9: 0 | AF9: Igual | AG9: 0 | AH9: 0 | AI9: 0 | AJ9: =IFERROR(IF(AC9="Vacio",0,IF(OR(AC9="Full",AD9="%"),AK9*AL9,IF(AND(AD9="D",#REF!="Tm"),AE9,IF(AND(AD9="D",#REF!="LT"),AE9*1.01605,IF(AD9="V",AK9*AL9,0))))),"Error") -> 16.83 | AK9: =IF(AC9="Full",TTHH!C81,IF(AC9="Vacio",0,IF(AD9="%",TTHH!C81*AE9/100,IF(AND(AD9="V",#REF!="m3"),AE9,IF(AND(AD9="V",#REF!="ft3"),AE9*0.028316,IF(AD9="D",AJ9*AL9,0)))))) -> 18.7 | AL9: =IF(AC9="Vacio",0,IF(AF9="Igual",$AG$7,IF(AND(AH9="Tm",AI9="m3"),AG9,IF(AND(AH9="Tm",AI9="ft3"),AG9/0.028316,IF(AND(AH9="LT",AI9="m3"),AG9*1.01605,IF(AND(AH9="LT",AI9="ft3"),AG9*(1.01605/0.028316),0)))))) -> 0.9 | AM9: Peso Nº 2 | AN9: 6 | AO9: 15 | AP9: =AN9*AO9 -> 90 | AQ9: 180 | AR9: =AN9*AQ9 -> 1080 | AS9: 0 | AT9: =AN9*AS9 -> 0
E10: B3 | F10: Vacio | H10: 0 | I10: 0 | J10: 0 | K10: 0 | L10: 0 | M10: 0 | N10: =IFERROR(IF(F10="Vacio",0,IF(OR(F10="Full",G10="%"),O10/P10,IF(AND(G10="D",I10="Tm"),H10,IF(AND(G10="D",I10="LT"),H10*1.01605,IF(G10="V",O10/P10,0))))),"Error") -> 0 | O10: =IF(F10="Full",Tabla25[[#This Row],[Columna3]],IF(F10="Vacio",0,IF(G10="%",TTHH!C11*H10/100,IF(AND(G10="V",I10="m3"),H10,IF(AND(G10="V",I10="ft3"),H10*0.028316,IF(G10="D",N10*P10,0)))))) -> 0 | P10: =IF(OR(AND(L10="m3",M10="Tm"),AND(M10="m3",L10="Tm")), K13, IF(OR(AND(L10="m3",M10="LT"),AND(M10="m3",L10="LT")), K13/1.01605, IF(OR(AND(L10="ft3",M10="Tm"),AND(M10="ft3",L10="Tm")), K13*0.028316, IF(OR(AND(L10="ft3",M10="LT"),AND(M10="ft3",L10="LT")), K13*(0.028316/1.01605), 0)))) -> 0 | Q10: DB Ballast S 1 | R10: Full | S10: % | T10: 0 | U10: Igual | V10: 0 | W10: 0 | X10: 0 | Y10: =IFERROR(IF(R10="Vacio",0,IF(OR(R10="Full",S10="%"),Z10*AA10,IF(AND(S10="D",#REF!="Tm"),T10,IF(AND(S10="D",#REF!="LT"),T10*1.01605,IF(S10="V",Z10*AA10,0))))),"Error") -> 251.6375 | Z10: =IF(R10="Full",TTHH!C23,IF(R10="Vacio",0,IF(S10="%",TTHH!C23*T10/100,IF(AND(S10="V",#REF!="m3"),T10,IF(AND(S10="V",#REF!="ft3"),T10*0.028316,IF(S10="D",Y10*AA10,0)))))) -> 245.5 | AA10: =IF(R10="Vacio",0,IF(U10="Igual",$V$7,IF(AND(W10="Tm",X10="m3"),V10,IF(AND(W10="Tm",X10="ft3"),V10/0.028316,IF(AND(W10="LT",X10="m3"),V10*1.01605,IF(AND(W10="LT",X10="ft3"),V10*(1.01605/0.028316),0)))))) -> 1.025 | AB10: Cyl Oil Tk 1 | AC10: Slack | AD10: % | AE10: 70 | AF10: Igual | AG10: 0 | AH10: 0 | AI10: 0 | AJ10: =IFERROR(IF(AC10="Vacio",0,IF(OR(AC10="Full",AD10="%"),AK10*AL10,IF(AND(AD10="D",#REF!="Tm"),AE10,IF(AND(AD10="D",#REF!="LT"),AE10*1.01605,IF(AD10="V",AK10*AL10,0))))),"Error") -> 12.726 | AK10: =IF(AC10="Full",TTHH!C82,IF(AC10="Vacio",0,IF(AD10="%",TTHH!C82*AE10/100,IF(AND(AD10="V",#REF!="m3"),AE10,IF(AND(AD10="V",#REF!="ft3"),AE10*0.028316,IF(AD10="D",AJ10*AL10,0)))))) -> 14.14 | AL10: =IF(AC10="Vacio",0,IF(AF10="Igual",$AG$7,IF(AND(AH10="Tm",AI10="m3"),AG10,IF(AND(AH10="Tm",AI10="ft3"),AG10/0.028316,IF(AND(AH10="LT",AI10="m3"),AG10*1.01605,IF(AND(AH10="LT",AI10="ft3"),AG10*(1.01605/0.028316),0)))))) -> 0.9 | AM10: Peso Nº 3 | AN10: 0 | AO10: 0 | AP10: =AN10*AO10 -> 0 | AQ10: 0 | AR10: =AN10*AQ10 -> 0 | AS10: 0 | AT10: =AN10*AS10 -> 0
E11: B4 | F11: Vacio | H11: 0 | I11: 0 | J11: 0 | K11: 0 | L11: 0 | M11: 0 | N11: =IFERROR(IF(F11="Vacio",0,IF(OR(F11="Full",G11="%"),O11/P11,IF(AND(G11="D",I11="Tm"),H11,IF(AND(G11="D",I11="LT"),H11*1.01605,IF(G11="V",O11/P11,0))))),"Error") -> 0 | O11: =IF(F11="Full",TTHH!AT10,IF(F11="Vacio",0,IF(G11="%",TTHH!C12*H11/100,IF(AND(G11="V",I11="m3"),H11,IF(AND(G11="V",I11="ft3"),H11*0.028316,IF(G11="D",N11*P11,0)))))) -> 0 | P11: =IF(OR(AND(L11="m3",M11="Tm"),AND(M11="m3",L11="Tm")), N13, IF(OR(AND(L11="m3",M11="LT"),AND(M11="m3",L11="LT")), N13/1.01605, IF(OR(AND(L11="ft3",M11="Tm"),AND(M11="ft3",L11="Tm")), N13*0.028316, IF(OR(AND(L11="ft3",M11="LT"),AND(M11="ft3",L11="LT")), N13*(0.028316/1.01605), 0)))) -> 0 | Q11: WT Ballast P 1 | R11: Full | S11: % | T11: 0 | U11: Igual | V11: 0 | W11: 0 | X11: 0 | Y11: =IFERROR(IF(R11="Vacio",0,IF(OR(R11="Full",S11="%"),Z11*AA11,IF(AND(S11="D",#REF!="Tm"),T11,IF(AND(S11="D",#REF!="LT"),T11*1.01605,IF(S11="V",Z11*AA11,0))))),"Error") -> 1093.5725 | Z11: =IF(R11="Full",TTHH!C24,IF(R11="Vacio",0,IF(S11="%",TTHH!C24*T11/100,IF(AND(S11="V",#REF!="m3"),T11,IF(AND(S11="V",#REF!="ft3"),T11*0.028316,IF(S11="D",Y11*AA11,0)))))) -> 1066.9 | AA11: =IF(R11="Vacio",0,IF(U11="Igual",$V$7,IF(AND(W11="Tm",X11="m3"),V11,IF(AND(W11="Tm",X11="ft3"),V11/0.028316,IF(AND(W11="LT",X11="m3"),V11*1.01605,IF(AND(W11="LT",X11="ft3"),V11*(1.01605/0.028316),0)))))) -> 1.025 | AB11: Cyl Oil Tk 2 | AC11: Slack | AD11: % | AE11: 60 | AF11: Igual | AG11: 0 | AH11: 0 | AI11: 0 | AJ11: =IFERROR(IF(AC11="Vacio",0,IF(OR(AC11="Full",AD11="%"),AK11*AL11,IF(AND(AD11="D",#REF!="Tm"),AE11,IF(AND(AD11="D",#REF!="LT"),AE11*1.01605,IF(AD11="V",AK11*AL11,0))))),"Error") -> 23.976 | AK11: =IF(AC11="Full",TTHH!C83,IF(AC11="Vacio",0,IF(AD11="%",TTHH!C83*AE11/100,IF(AND(AD11="V",#REF!="m3"),AE11,IF(AND(AD11="V",#REF!="ft3"),AE11*0.028316,IF(AD11="D",AJ11*AL11,0)))))) -> 26.64 | AL11: =IF(AC11="Vacio",0,IF(AF11="Igual",$AG$7,IF(AND(AH11="Tm",AI11="m3"),AG11,IF(AND(AH11="Tm",AI11="ft3"),AG11/0.028316,IF(AND(AH11="LT",AI11="m3"),AG11*1.01605,IF(AND(AH11="LT",AI11="ft3"),AG11*(1.01605/0.028316),0)))))) -> 0.9 | AM11: Peso Nº 4 | AN11: 0 | AO11: 0 | AP11: =AN11*AO11 -> 0 | AQ11: 0 | AR11: =AN11*AQ11 -> 0 | AS11: 0 | AT11: =AN11*AS11 -> 0
E12: B5 | F12: Vacio | H12: 0 | I12: 0 | J12: 0 | K12: 0 | L12: 0 | M12: 0 | N12: =IFERROR(IF(F12="Vacio",0,IF(OR(F12="Full",G12="%"),O12/P12,IF(AND(G12="D",I12="Tm"),H12,IF(AND(G12="D",I12="LT"),H12*1.01605,IF(G12="V",O12/P12,0))))),"Error") -> 0 | O12: =IF(F12="Full",TTHH!BA10,IF(F12="Vacio",0,IF(G12="%",TTHH!C13*H12/100,IF(AND(G12="V",I12="m3"),H12,IF(AND(G12="V",I12="ft3"),H12*0.028316,IF(G12="D",N12*P12,0)))))) -> 0 | P12: =IF(OR(AND(L12="m3",M12="Tm"),AND(M12="m3",L12="Tm")), P13, IF(OR(AND(L12="m3",M12="LT"),AND(M12="m3",L12="LT")), P13/1.01605, IF(OR(AND(L12="ft3",M12="Tm"),AND(M12="ft3",L12="Tm")), P13*0.028316, IF(OR(AND(L12="ft3",M12="LT"),AND(M12="ft3",L12="LT")), P13*(0.028316/1.01605), 0)))) -> 0 | Q12: WT Ballast S 1 | R12: Full | S12: % | T12: 0 | U12: Igual | V12: 0 | W12: 0 | X12: 0 | Y12: =IFERROR(IF(R12="Vacio",0,IF(OR(R12="Full",S12="%"),Z12*AA12,IF(AND(S12="D",#REF!="Tm"),T12,IF(AND(S12="D",#REF!="LT"),T12*1.01605,IF(S12="V",Z12*AA12,0))))),"Error") -> 1093.5725 | Z12: =IF(R12="Full",TTHH!C25,IF(R12="Vacio",0,IF(S12="%",TTHH!C25*T12/100,IF(AND(S12="V",#REF!="m3"),T12,IF(AND(S12="V",#REF!="ft3"),T12*0.028316,IF(S12="D",Y12*AA12,0)))))) -> 1066.9 | AA12: =IF(R12="Vacio",0,IF(U12="Igual",$V$7,IF(AND(W12="Tm",X12="m3"),V12,IF(AND(W12="Tm",X12="ft3"),V12/0.028316,IF(AND(W12="LT",X12="m3"),V12*1.01605,IF(AND(W12="LT",X12="ft3"),V12*(1.01605/0.028316),0)))))) -> 1.025 | AB12: LO Sump Tk | AC12: 0 | AD12: % | AE12: 0 | AF12: 0 | AG12: 0 | AH12: 0 | AI12: 0 | AJ12: =IFERROR(IF(AC12="Vacio",0,IF(OR(AC12="Full",AD12="%"),AK12*AL12,IF(AND(AD12="D",#REF!="Tm"),AE12,IF(AND(AD12="D",#REF!="LT"),AE12*1.01605,IF(AD12="V",AK12*AL12,0))))),"Error") -> 0 | AK12: =IF(AC12="Full",TTHH!C84,IF(AC12="Vacio",0,IF(AD12="%",TTHH!C84*AE12/100,IF(AND(AD12="V",#REF!="m3"),AE12,IF(AND(AD12="V",#REF!="ft3"),AE12*0.028316,IF(AD12="D",AJ12*AL12,0)))))) -> 0 | AL12: =IF(AC12="Vacio",0,IF(AF12="Igual",$AG$7,IF(AND(AH12="Tm",AI12="m3"),AG12,IF(AND(AH12="Tm",AI12="ft3"),AG12/0.028316,IF(AND(AH12="LT",AI12="m3"),AG12*1.01605,IF(AND(AH12="LT",AI12="ft3"),AG12*(1.01605/0.028316),0)))))) -> 0 | AM12: Peso Nº 5 | AN12: 0 | AO12: 0 | AP12: =AN12*AO12 -> 0 | AQ12: 0 | AR12: =AN12*AQ12 -> 0 | AS12: 0 | AT12: =AN12*AS12 -> 0
D13: B1 | E13: =IF(J8="Fe",K8,IF(J8="d",1/K8,0)) -> 0 | F13: B2 | H13: =IF(J9="Fe",K9,IF(J9="d",1/K9,0)) -> 0 | J13: B3 | K13: =IF(J10="Fe",K10,IF(J10="d",1/K10,0)) -> 0 | M13: B4 | N13: =IF(J11="Fe",K11,IF(J11="d",1/K11,0)) -> 0 | O13: B5 | P13: =IF(J12="Fe",K12,IF(J12="d",1/K12,0)) -> 0 | Q13: DB Ballast P 2 | R13: Full | S13: % | T13: 0 | U13: Igual | V13: 0 | W13: 0 | X13: 0 | Y13: =IFERROR(IF(R13="Vacio",0,IF(OR(R13="Full",S13="%"),Z13*AA13,IF(AND(S13="D",#REF!="Tm"),T13,IF(AND(S13="D",#REF!="LT"),T13*1.01605,IF(S13="V",Z13*AA13,0))))),"Error") -> 622.8925 | Z13: =IF(R13="Full",TTHH!C26,IF(R13="Vacio",0,IF(S13="%",TTHH!C26*T13/100,IF(AND(S13="V",#REF!="m3"),T13,IF(AND(S13="V",#REF!="ft3"),T13*0.028316,IF(S13="D",Y13*AA13,0)))))) -> 607.7 | AA13: =IF(R13="Vacio",0,IF(U13="Igual",$V$7,IF(AND(W13="Tm",X13="m3"),V13,IF(AND(W13="Tm",X13="ft3"),V13/0.028316,IF(AND(W13="LT",X13="m3"),V13*1.01605,IF(AND(W13="LT",X13="ft3"),V13*(1.01605/0.028316),0)))))) -> 1.025 | AB13: LO A/E Tk 1 | AC13: 0 | AD13: % | AE13: 0 | AF13: 0 | AG13: 0 | AH13: 0 | AI13: 0 | AJ13: =IFERROR(IF(AC13="Vacio",0,IF(OR(AC13="Full",AD13="%"),AK13*AL13,IF(AND(AD13="D",#REF!="Tm"),AE13,IF(AND(AD13="D",#REF!="LT"),AE13*1.01605,IF(AD13="V",AK13*AL13,0))))),"Error") -> 0 | AK13: =IF(AC13="Full",TTHH!C85,IF(AC13="Vacio",0,IF(AD13="%",TTHH!C85*AE13/100,IF(AND(AD13="V",#REF!="m3"),AE13,IF(AND(AD13="V",#REF!="ft3"),AE13*0.028316,IF(AD13="D",AJ13*AL13,0)))))) -> 0 | AL13: =IF(AC13="Vacio",0,IF(AF13="Igual",$AG$7,IF(AND(AH13="Tm",AI13="m3"),AG13,IF(AND(AH13="Tm",AI13="ft3"),AG13/0.028316,IF(AND(AH13="LT",AI13="m3"),AG13*1.01605,IF(AND(AH13="LT",AI13="ft3"),AG13*(1.01605/0.028316),0)))))) -> 0 | AM13: Peso Nº 6 | AN13: 0 | AO13: 0 | AP13: =AN13*AO13 -> 0 | AQ13: 0 | AR13: =AN13*AQ13 -> 0 | AS13: 0 | AT13: =AN13*AS13 -> 0
Q14: DB Ballast S 2 | R14: Full | S14: % | T14: 0 | U14: Igual | V14: 0 | W14: 0 | X14: 0 | Y14: =IFERROR(IF(R14="Vacio",0,IF(OR(R14="Full",S14="%"),Z14*AA14,IF(AND(S14="D",#REF!="Tm"),T14,IF(AND(S14="D",#REF!="LT"),T14*1.01605,IF(S14="V",Z14*AA14,0))))),"Error") -> 622.8925 | Z14: =IF(R14="Full",TTHH!C27,IF(R14="Vacio",0,IF(S14="%",TTHH!C27*T14/100,IF(AND(S14="V",#REF!="m3"),T14,IF(AND(S14="V",#REF!="ft3"),T14*0.028316,IF(S14="D",Y14*AA14,0)))))) -> 607.7 | AA14: =IF(R14="Vacio",0,IF(U14="Igual",$V$7,IF(AND(W14="Tm",X14="m3"),V14,IF(AND(W14="Tm",X14="ft3"),V14/0.028316,IF(AND(W14="LT",X14="m3"),V14*1.01605,IF(AND(W14="LT",X14="ft3"),V14*(1.01605/0.028316),0)))))) -> 1.025 | AB14: LO A/E Tk 2 | AC14: 0 | AD14: % | AE14: 0 | AF14: 0 | AG14: 0 | AH14: 0 | AI14: 0 | AJ14: =IFERROR(IF(AC14="Vacio",0,IF(OR(AC14="Full",AD14="%"),AK14*AL14,IF(AND(AD14="D",#REF!="Tm"),AE14,IF(AND(AD14="D",#REF!="LT"),AE14*1.01605,IF(AD14="V",AK14*AL14,0))))),"Error") -> 0 | AK14: =IF(AC14="Full",TTHH!C86,IF(AC14="Vacio",0,IF(AD14="%",TTHH!C86*AE14/100,IF(AND(AD14="V",#REF!="m3"),AE14,IF(AND(AD14="V",#REF!="ft3"),AE14*0.028316,IF(AD14="D",AJ14*AL14,0)))))) -> 0 | AL14: =IF(AC14="Vacio",0,IF(AF14="Igual",$AG$7,IF(AND(AH14="Tm",AI14="m3"),AG14,IF(AND(AH14="Tm",AI14="ft3"),AG14/0.028316,IF(AND(AH14="LT",AI14="m3"),AG14*1.01605,IF(AND(AH14="LT",AI14="ft3"),AG14*(1.01605/0.028316),0)))))) -> 0 | AM14: Peso Nº 7 | AN14: 0 | AO14: 0 | AP14: =AN14*AO14 -> 0 | AQ14: 0 | AR14: =AN14*AQ14 -> 0 | AS14: 0 | AT14: =AN14*AS14 -> 0
E15: Heavy Fuel Oil | F15: F/Slc | H15: % | J15: d | K15: =Interfaz!I19 -> 0.95 | L15: Tm | M15: m3 | N15: D Tm ACT | O15: V m3 | P15: d | Q15: WT Ballast P 2 | R15: Full | S15: % | T15: 0 | U15: Igual | V15: 0 | W15: 0 | X15: 0 | Y15: =IFERROR(IF(R15="Vacio",0,IF(OR(R15="Full",S15="%"),Z15*AA15,IF(AND(S15="D",#REF!="Tm"),T15,IF(AND(S15="D",#REF!="LT"),T15*1.01605,IF(S15="V",Z15*AA15,0))))),"Error") -> 1033.7125 | Z15: =IF(R15="Full",TTHH!C28,IF(R15="Vacio",0,IF(S15="%",TTHH!C28*T15/100,IF(AND(S15="V",#REF!="m3"),T15,IF(AND(S15="V",#REF!="ft3"),T15*0.028316,IF(S15="D",Y15*AA15,0)))))) -> 1008.5 | AA15: =IF(R15="Vacio",0,IF(U15="Igual",$V$7,IF(AND(W15="Tm",X15="m3"),V15,IF(AND(W15="Tm",X15="ft3"),V15/0.028316,IF(AND(W15="LT",X15="m3"),V15*1.01605,IF(AND(W15="LT",X15="ft3"),V15*(1.01605/0.028316),0)))))) -> 1.025 | AB15: LO Stern Tube Tk | AC15: Slack | AD15: % | AE15: 40 | AF15: Igual | AG15: 0 | AH15: 0 | AI15: 0 | AJ15: =IFERROR(IF(AC15="Vacio",0,IF(OR(AC15="Full",AD15="%"),AK15*AL15,IF(AND(AD15="D",#REF!="Tm"),AE15,IF(AND(AD15="D",#REF!="LT"),AE15*1.01605,IF(AD15="V",AK15*AL15,0))))),"Error") -> 0.72 | AK15: =IF(AC15="Full",TTHH!C87,IF(AC15="Vacio",0,IF(AD15="%",TTHH!C87*AE15/100,IF(AND(AD15="V",#REF!="m3"),AE15,IF(AND(AD15="V",#REF!="ft3"),AE15*0.028316,IF(AD15="D",AJ15*AL15,0)))))) -> 0.8 | AL15: =IF(AC15="Vacio",0,IF(AF15="Igual",$AG$7,IF(AND(AH15="Tm",AI15="m3"),AG15,IF(AND(AH15="Tm",AI15="ft3"),AG15/0.028316,IF(AND(AH15="LT",AI15="m3"),AG15*1.01605,IF(AND(AH15="LT",AI15="ft3"),AG15*(1.01605/0.028316),0)))))) -> 0.9 | AM15: Peso Nº 8 | AN15: 0 | AO15: 0 | AP15: =AN15*AO15 -> 0 | AQ15: 0 | AR15: =AN15*AQ15 -> 0 | AS15: 0 | AT15: =AN15*AS15 -> 0
E16: HFO Deep P 1 | F16: {=Interfaz!F20:F28} -> Full | G16: % | H16: {=Interfaz!G20:G28} -> 0 | J16: {=Interfaz!H20:H28} -> Igual | K16: {=Interfaz!I20:I28} -> 0 | L16: {=Interfaz!J20:J28} -> 0 | M16: {=Interfaz!K20:K28} -> 0 | N16: =IFERROR(IF(F16="Vacio",0,IF(OR(F16="Full",G16="%"),O16*P16,IF(AND(G16="D",I16="Tm"),H16,IF(AND(G16="D",I16="LT"),H16*1.01605,IF(G16="V",O16*P16,0))))),"Error") -> 412.205 | O16: =IF(F16="Full",TTHH!$C$53,IF(F16="Vacio",0,IF(G16="%",TTHH!$C$53*H16/100,IF(AND(G16="V",I16="m3"),H16,IF(AND(G16="V",I16="ft3"),H16*0.028316,IF(G16="D",N16*P16,0)))))) -> 433.9 | P16: =IF(F16="Vacio",0,IF(J16="Igual",$K$15,IF(AND(L16="Tm",M16="m3"),K16,IF(AND(L16="Tm",M16="ft3"),K16/0.028316,IF(AND(L16="LT",M16="m3"),K16*1.01605,IF(AND(L16="LT",M16="ft3"),K16*(1.01605/0.028316),0)))))) -> 0.95 | Q16: WT Ballast S 2 | R16: Full | S16: % | T16: 0 | U16: Igual | V16: 0 | W16: 0 | X16: 0 | Y16: =IFERROR(IF(R16="Vacio",0,IF(OR(R16="Full",S16="%"),Z16*AA16,IF(AND(S16="D",#REF!="Tm"),T16,IF(AND(S16="D",#REF!="LT"),T16*1.01605,IF(S16="V",Z16*AA16,0))))),"Error") -> 1033.7125 | Z16: =IF(R16="Full",TTHH!C29,IF(R16="Vacio",0,IF(S16="%",TTHH!C29*T16/100,IF(AND(S16="V",#REF!="m3"),T16,IF(AND(S16="V",#REF!="ft3"),T16*0.028316,IF(S16="D",Y16*AA16,0)))))) -> 1008.5 | AA16: =IF(R16="Vacio",0,IF(U16="Igual",$V$7,IF(AND(W16="Tm",X16="m3"),V16,IF(AND(W16="Tm",X16="ft3"),V16/0.028316,IF(AND(W16="LT",X16="m3"),V16*1.01605,IF(AND(W16="LT",X16="ft3"),V16*(1.01605/0.028316),0)))))) -> 1.025 | AB16: Cyl Oil Service Tk 1 | AC16: Full | AD16: % | AE16: 0 | AF16: Igual | AG16: 0 | AH16: 0 | AI16: 0 | AJ16: =IFERROR(IF(AC16="Vacio",0,IF(OR(AC16="Full",AD16="%"),AK16*AL16,IF(AND(AD16="D",#REF!="Tm"),AE16,IF(AND(AD16="D",#REF!="LT"),AE16*1.01605,IF(AD16="V",AK16*AL16,0))))),"Error") -> 0.72 | AK16: =IF(AC16="Full",TTHH!C88,IF(AC16="Vacio",0,IF(AD16="%",TTHH!C88*AE16/100,IF(AND(AD16="V",#REF!="m3"),AE16,IF(AND(AD16="V",#REF!="ft3"),AE16*0.028316,IF(AD16="D",AJ16*AL16,0)))))) -> 0.8 | AL16: =IF(AC16="Vacio",0,IF(AF16="Igual",$AG$7,IF(AND(AH16="Tm",AI16="m3"),AG16,IF(AND(AH16="Tm",AI16="ft3"),AG16/0.028316,IF(AND(AH16="LT",AI16="m3"),AG16*1.01605,IF(AND(AH16="LT",AI16="ft3"),AG16*(1.01605/0.028316),0)))))) -> 0.9 | AM16: Peso Nº 9 | AN16: 0 | AO16: 0 | AP16: =AN16*AO16 -> 0 | AQ16: 0 | AR16: =AN16*AQ16 -> 0 | AS16: 0 | AT16: =AN16*AS16 -> 0
E17: HFO Deep S 1 | F17: Full | G17: % | H17: 0 | J17: Igual | K17: 0 | L17: 0 | M17: 0 | N17: =IFERROR(IF(F17="Vacio",0,IF(OR(F17="Full",G17="%"),O17*P17,IF(AND(G17="D",I17="Tm"),H17,IF(AND(G17="D",I17="LT"),H17*1.01605,IF(G17="V",O17*P17,0))))),"Error") -> 326.23 | O17: =IF(F17="Full",TTHH!$C$54,IF(F17="Vacio",0,IF(G17="%",TTHH!$C$54*H17/100,IF(AND(G17="V",I17="m3"),H17,IF(AND(G17="V",I17="ft3"),H17*0.028316,IF(G17="D",N17*P17,0)))))) -> 343.4 | P17: =IF(F17="Vacio",0,IF(J17="Igual",$K$15,IF(AND(L17="Tm",M17="m3"),K17,IF(AND(L17="Tm",M17="ft3"),K17/0.028316,IF(AND(L17="LT",M17="m3"),K17*1.01605,IF(AND(L17="LT",M17="ft3"),K17*(1.01605/0.028316),0)))))) -> 0.95 | Q17: DB Ballast P 3 | R17: Full | S17: % | T17: 0 | U17: Igual | V17: 0 | W17: 0 | X17: 0 | Y17: =IFERROR(IF(R17="Vacio",0,IF(OR(R17="Full",S17="%"),Z17*AA17,IF(AND(S17="D",#REF!="Tm"),T17,IF(AND(S17="D",#REF!="LT"),T17*1.01605,IF(S17="V",Z17*AA17,0))))),"Error") -> 622.8925 | Z17: =IF(R17="Full",TTHH!C30,IF(R17="Vacio",0,IF(S17="%",TTHH!C30*T17/100,IF(AND(S17="V",#REF!="m3"),T17,IF(AND(S17="V",#REF!="ft3"),T17*0.028316,IF(S17="D",Y17*AA17,0)))))) -> 607.7 | AA17: =IF(R17="Vacio",0,IF(U17="Igual",$V$7,IF(AND(W17="Tm",X17="m3"),V17,IF(AND(W17="Tm",X17="ft3"),V17/0.028316,IF(AND(W17="LT",X17="m3"),V17*1.01605,IF(AND(W17="LT",X17="ft3"),V17*(1.01605/0.028316),0)))))) -> 1.025 | AB17: Cyl Oil Service Tk 2 | AC17: Full | AD17: % | AE17: 0 | AF17: Igual | AG17: 0 | AH17: 0 | AI17: 0 | AJ17: =IFERROR(IF(AC17="Vacio",0,IF(OR(AC17="Full",AD17="%"),AK17*AL17,IF(AND(AD17="D",#REF!="Tm"),AE17,IF(AND(AD17="D",#REF!="LT"),AE17*1.01605,IF(AD17="V",AK17*AL17,0))))),"Error") -> 0.72 | AK17: =IF(AC17="Full",TTHH!C89,IF(AC17="Vacio",0,IF(AD17="%",TTHH!C89*AE17/100,IF(AND(AD17="V",#REF!="m3"),AE17,IF(AND(AD17="V",#REF!="ft3"),AE17*0.028316,IF(AD17="D",AJ17*AL17,0)))))) -> 0.8 | AL17: =IF(AC17="Vacio",0,IF(AF17="Igual",$AG$7,IF(AND(AH17="Tm",AI17="m3"),AG17,IF(AND(AH17="Tm",AI17="ft3"),AG17/0.028316,IF(AND(AH17="LT",AI17="m3"),AG17*1.01605,IF(AND(AH17="LT",AI17="ft3"),AG17*(1.01605/0.028316),0)))))) -> 0.9 | AM17: Peso Nº 10 | AN17: 0 | AO17: 0 | AP17: =AN17*AO17 -> 0 | AQ17: 0 | AR17: =AN17*AQ17 -> 0 | AS17: 0 | AT17: =AN17*AS17 -> 0
E18: HFO Deep P 2 | F18: Slack | G18: % | H18: 70 | J18: Igual | K18: 0 | L18: 0 | M18: 0 | N18: =IFERROR(IF(F18="Vacio",0,IF(OR(F18="Full",G18="%"),O18*P18,IF(AND(G18="D",I18="Tm"),H18,IF(AND(G18="D",I18="LT"),H18*1.01605,IF(G18="V",O18*P18,0))))),"Error") -> 354.578 | O18: =IF(F18="Full",TTHH!$C$55,IF(F18="Vacio",0,IF(G18="%",TTHH!$C$55*H18/100,IF(AND(G18="V",I18="m3"),H18,IF(AND(G18="V",I18="ft3"),H18*0.028316,IF(G18="D",N18*P18,0)))))) -> 373.24 | P18: =IF(F18="Vacio",0,IF(J18="Igual",$K$15,IF(AND(L18="Tm",M18="m3"),K18,IF(AND(L18="Tm",M18="ft3"),K18/0.028316,IF(AND(L18="LT",M18="m3"),K18*1.01605,IF(AND(L18="LT",M18="ft3"),K18*(1.01605/0.028316),0)))))) -> 0.95 | Q18: DB Ballast S 3 | R18: Full | S18: % | T18: 0 | U18: Igual | V18: 0 | W18: 0 | X18: 0 | Y18: =IFERROR(IF(R18="Vacio",0,IF(OR(R18="Full",S18="%"),Z18*AA18,IF(AND(S18="D",#REF!="Tm"),T18,IF(AND(S18="D",#REF!="LT"),T18*1.01605,IF(S18="V",Z18*AA18,0))))),"Error") -> 622.8925 | Z18: =IF(R18="Full",TTHH!C31,IF(R18="Vacio",0,IF(S18="%",TTHH!C31*T18/100,IF(AND(S18="V",#REF!="m3"),T18,IF(AND(S18="V",#REF!="ft3"),T18*0.028316,IF(S18="D",Y18*AA18,0)))))) -> 607.7 | AA18: =IF(R18="Vacio",0,IF(U18="Igual",$V$7,IF(AND(W18="Tm",X18="m3"),V18,IF(AND(W18="Tm",X18="ft3"),V18/0.028316,IF(AND(W18="LT",X18="m3"),V18*1.01605,IF(AND(W18="LT",X18="ft3"),V18*(1.01605/0.028316),0)))))) -> 1.025 | AN18: Peso (Tm) | AO18: VCG | AP18: MV | AQ18: LCG | AR18: ML | AS18: TCG | AT18: MT
E19: HFO Deep S 2 | F19: 0 | G19: % | H19: 0 | J19: 0 | K19: 0 | L19: 0 | M19: 0 | N19: =IFERROR(IF(F19="Vacio",0,IF(OR(F19="Full",G19="%"),O19*P19,IF(AND(G19="D",I19="Tm"),H19,IF(AND(G19="D",I19="LT"),H19*1.01605,IF(G19="V",O19*P19,0))))),"Error") -> 0 | O19: =IF(F19="Full",TTHH!$C$56,IF(F19="Vacio",0,IF(G19="%",TTHH!C56*H19/100,IF(AND(G19="V",I19="m3"),H19,IF(AND(G19="V",I19="ft3"),H19*0.028316,IF(G19="D",N19*P19,0)))))) -> 0 | P19: =IF(F19="Vacio",0,IF(J19="Igual",$K$15,IF(AND(L19="Tm",M19="m3"),K19,IF(AND(L19="Tm",M19="ft3"),K19/0.028316,IF(AND(L19="LT",M19="m3"),K19*1.01605,IF(AND(L19="LT",M19="ft3"),K19*(1.01605/0.028316),0)))))) -> 0 | Q19: WT Ballast P 3 | R19: Full | S19: % | T19: 0 | U19: Igual | V19: 0 | W19: 0 | X19: 0 | Y19: =IFERROR(IF(R19="Vacio",0,IF(OR(R19="Full",S19="%"),Z19*AA19,IF(AND(S19="D",#REF!="Tm"),T19,IF(AND(S19="D",#REF!="LT"),T19*1.01605,IF(S19="V",Z19*AA19,0))))),"Error") -> 1035.045 | Z19: =IF(R19="Full",TTHH!C32,IF(R19="Vacio",0,IF(S19="%",TTHH!C32*T19/100,IF(AND(S19="V",#REF!="m3"),T19,IF(AND(S19="V",#REF!="ft3"),T19*0.028316,IF(S19="D",Y19*AA19,0)))))) -> 1009.8 | AA19: =IF(R19="Vacio",0,IF(U19="Igual",$V$7,IF(AND(W19="Tm",X19="m3"),V19,IF(AND(W19="Tm",X19="ft3"),V19/0.028316,IF(AND(W19="LT",X19="m3"),V19*1.01605,IF(AND(W19="LT",X19="ft3"),V19*(1.01605/0.028316),0)))))) -> 1.025 | AB19: Fresh Water | AC19: F/Slc | AE19: % | AF19: d | AG19: =Interfaz!I79 -> 1 | AH19: Tm | AI19: m3 | AJ19: D Tm ACT | AK19: V m3 | AL19: d | AM19: PF | AN19: =SUM(AN8:AN17) -> 21 | AO19: =IFERROR(AP19/AN19,0) -> 16.428571 | AP19: =SUM(AP8:AP17) -> 345 | AQ19: =IFERROR(AR19/AN19,0) -> 65.714286 | AR19: =SUM(AR8:AR17) -> 1380 | AS19: =IFERROR(AT19/AN19,0) -> 7.1428571 | AT19: =SUM(AT8:AT17) -> 150
E20: HFO Service Tk 1 | F20: Full | G20: % | H20: 0 | J20: Igual | K20: 0 | L20: 0 | M20: 0 | N20: =IFERROR(IF(F20="Vacio",0,IF(OR(F20="Full",G20="%"),O20*P20,IF(AND(G20="D",I20="Tm"),H20,IF(AND(G20="D",I20="LT"),H20*1.01605,IF(G20="V",O20*P20,0))))),"Error") -> 42.94 | O20: =IF(F20="Full",TTHH!C57,IF(F20="Vacio",0,IF(G20="%",TTHH!C57*H20/100,IF(AND(G20="V",I20="m3"),H20,IF(AND(G20="V",I20="ft3"),H20*0.028316,IF(G20="D",N20*P20,0)))))) -> 45.2 | P20: =IF(F20="Vacio",0,IF(J20="Igual",$K$15,IF(AND(L20="Tm",M20="m3"),K20,IF(AND(L20="Tm",M20="ft3"),K20/0.028316,IF(AND(L20="LT",M20="m3"),K20*1.01605,IF(AND(L20="LT",M20="ft3"),K20*(1.01605/0.028316),0)))))) -> 0.95 | Q20: WT Ballast S 3 | R20: Full | S20: % | T20: 0 | U20: Igual | V20: 0 | W20: 0 | X20: 0 | Y20: =IFERROR(IF(R20="Vacio",0,IF(OR(R20="Full",S20="%"),Z20*AA20,IF(AND(S20="D",#REF!="Tm"),T20,IF(AND(S20="D",#REF!="LT"),T20*1.01605,IF(S20="V",Z20*AA20,0))))),"Error") -> 1035.045 | Z20: =IF(R20="Full",TTHH!C33,IF(R20="Vacio",0,IF(S20="%",TTHH!C33*T20/100,IF(AND(S20="V",#REF!="m3"),T20,IF(AND(S20="V",#REF!="ft3"),T20*0.028316,IF(S20="D",Y20*AA20,0)))))) -> 1009.8 | AA20: =IF(R20="Vacio",0,IF(U20="Igual",$V$7,IF(AND(W20="Tm",X20="m3"),V20,IF(AND(W20="Tm",X20="ft3"),V20/0.028316,IF(AND(W20="LT",X20="m3"),V20*1.01605,IF(AND(W20="LT",X20="ft3"),V20*(1.01605/0.028316),0)))))) -> 1.025 | AB20: FW Tk P | AC20: {=Interfaz!F80:F81} -> Slack | AD20: % | AE20: {=Interfaz!G80:G81} -> 60 | AF20: {=Interfaz!H80:H81} -> Igual | AG20: {=Interfaz!I80:I81} -> 0 | AH20: {=Interfaz!J80:J81} -> 0 | AI20: {=Interfaz!K80:K81} -> 0 | AJ20: =IFERROR(IF(AC20="Vacio",0,IF(OR(AC20="Full",AD20="%"),AK20*AL20,IF(AND(AD20="D",#REF!="Tm"),AE20,IF(AND(AD20="D",#REF!="LT"),AE20*1.01605,IF(AD20="V",AK20*AL20,0))))),"Error") -> 71.7 | AK20: =IF(AC20="Full",TTHH!C97,IF(AC20="Vacio",0,IF(AD20="%",TTHH!C97*AE20/100,IF(AND(AD20="V",#REF!="m3"),AE20,IF(AND(AD20="V",#REF!="ft3"),AE20*0.028316,IF(AD20="D",AJ20*AL20,0)))))) -> 71.7 | AL20: =IF(AC20="Vacio",0,IF(AF20="Igual",$AG$19,IF(AND(AH20="Tm",AI20="m3"),AG20,IF(AND(AH20="Tm",AI20="ft3"),AG20/0.028316,IF(AND(AH20="LT",AI20="m3"),AG20*1.01605,IF(AND(AH20="LT",AI20="ft3"),AG20*(1.01605/0.028316),0)))))) -> 1
E21: HFO Service Tk 2 | F21: 0 | G21: % | H21: 0 | J21: 0 | K21: 0 | L21: 0 | M21: 0 | N21: =IFERROR(IF(F21="Vacio",0,IF(OR(F21="Full",G21="%"),O21*P21,IF(AND(G21="D",I21="Tm"),H21,IF(AND(G21="D",I21="LT"),H21*1.01605,IF(G21="V",O21*P21,0))))),"Error") -> 0 | O21: =IF(F21="Full",TTHH!C58,IF(F21="Vacio",0,IF(G21="%",TTHH!C58*H21/100,IF(AND(G21="V",I21="m3"),H21,IF(AND(G21="V",I21="ft3"),H21*0.028316,IF(G21="D",N21*P21,0)))))) -> 0 | P21: =IF(F21="Vacio",0,IF(J21="Igual",$K$15,IF(AND(L21="Tm",M21="m3"),K21,IF(AND(L21="Tm",M21="ft3"),K21/0.028316,IF(AND(L21="LT",M21="m3"),K21*1.01605,IF(AND(L21="LT",M21="ft3"),K21*(1.01605/0.028316),0)))))) -> 0 | Q21: DB Ballast P 4 | R21: Full | S21: % | T21: 0 | U21: Igual | V21: 0 | W21: 0 | X21: 0 | Y21: =IFERROR(IF(R21="Vacio",0,IF(OR(R21="Full",S21="%"),Z21*AA21,IF(AND(S21="D",#REF!="Tm"),T21,IF(AND(S21="D",#REF!="LT"),T21*1.01605,IF(S21="V",Z21*AA21,0))))),"Error") -> 622.8925 | Z21: =IF(R21="Full",TTHH!C34,IF(R21="Vacio",0,IF(S21="%",TTHH!C34*T21/100,IF(AND(S21="V",#REF!="m3"),T21,IF(AND(S21="V",#REF!="ft3"),T21*0.028316,IF(S21="D",Y21*AA21,0)))))) -> 607.7 | AA21: =IF(R21="Vacio",0,IF(U21="Igual",$V$7,IF(AND(W21="Tm",X21="m3"),V21,IF(AND(W21="Tm",X21="ft3"),V21/0.028316,IF(AND(W21="LT",X21="m3"),V21*1.01605,IF(AND(W21="LT",X21="ft3"),V21*(1.01605/0.028316),0)))))) -> 1.025 | AB21: FW Tk S | AC21: 0 | AD21: % | AE21: 0 | AF21: 0 | AG21: 0 | AH21: 0 | AI21: 0 | AJ21: =IFERROR(IF(AC21="Vacio",0,IF(OR(AC21="Full",AD21="%"),AK21*AL21,IF(AND(AD21="D",#REF!="Tm"),AE21,IF(AND(AD21="D",#REF!="LT"),AE21*1.01605,IF(AD21="V",AK21*AL21,0))))),"Error") -> 0 | AK21: =IF(AC21="Full",TTHH!C98,IF(AC21="Vacio",0,IF(AD21="%",TTHH!C98*AE21/100,IF(AND(AD21="V",#REF!="m3"),AE21,IF(AND(AD21="V",#REF!="ft3"),AE21*0.028316,IF(AD21="D",AJ21*AL21,0)))))) -> 0 | AL21: =IF(AC21="Vacio",0,IF(AF21="Igual",$AG$19,IF(AND(AH21="Tm",AI21="m3"),AG21,IF(AND(AH21="Tm",AI21="ft3"),AG21/0.028316,IF(AND(AH21="LT",AI21="m3"),AG21*1.01605,IF(AND(AH21="LT",AI21="ft3"),AG21*(1.01605/0.028316),0)))))) -> 0
E22: HFO Settling Tk 1 | F22: Full | G22: % | H22: 0 | J22: Igual | K22: 0 | L22: 0 | M22: 0 | N22: =IFERROR(IF(F22="Vacio",0,IF(OR(F22="Full",G22="%"),O22*P22,IF(AND(G22="D",I22="Tm"),H22,IF(AND(G22="D",I22="LT"),H22*1.01605,IF(G22="V",O22*P22,0))))),"Error") -> 42.94 | O22: =IF(F22="Full",TTHH!C59,IF(F22="Vacio",0,IF(G22="%",TTHH!C59*H22/100,IF(AND(G22="V",I22="m3"),H22,IF(AND(G22="V",I22="ft3"),H22*0.028316,IF(G22="D",N22*P22,0)))))) -> 45.2 | P22: =IF(F22="Vacio",0,IF(J22="Igual",$K$15,IF(AND(L22="Tm",M22="m3"),K22,IF(AND(L22="Tm",M22="ft3"),K22/0.028316,IF(AND(L22="LT",M22="m3"),K22*1.01605,IF(AND(L22="LT",M22="ft3"),K22*(1.01605/0.028316),0)))))) -> 0.95 | Q22: DB Ballast S 4 | R22: Full | S22: % | T22: 0 | U22: Igual | V22: 0 | W22: 0 | X22: 0 | Y22: =IFERROR(IF(R22="Vacio",0,IF(OR(R22="Full",S22="%"),Z22*AA22,IF(AND(S22="D",#REF!="Tm"),T22,IF(AND(S22="D",#REF!="LT"),T22*1.01605,IF(S22="V",Z22*AA22,0))))),"Error") -> 622.8925 | Z22: =IF(R22="Full",TTHH!C35,IF(R22="Vacio",0,IF(S22="%",TTHH!C35*T22/100,IF(AND(S22="V",#REF!="m3"),T22,IF(AND(S22="V",#REF!="ft3"),T22*0.028316,IF(S22="D",Y22*AA22,0)))))) -> 607.7 | AA22: =IF(R22="Vacio",0,IF(U22="Igual",$V$7,IF(AND(W22="Tm",X22="m3"),V22,IF(AND(W22="Tm",X22="ft3"),V22/0.028316,IF(AND(W22="LT",X22="m3"),V22*1.01605,IF(AND(W22="LT",X22="ft3"),V22*(1.01605/0.028316),0)))))) -> 1.025
E23: HFO Settling Tk 2 | F23: Slack | G23: % | H23: 20 | J23: Igual | K23: 0 | L23: 0 | M23: 0 | N23: =IFERROR(IF(F23="Vacio",0,IF(OR(F23="Full",G23="%"),O23*P23,IF(AND(G23="D",I23="Tm"),H23,IF(AND(G23="D",I23="LT"),H23*1.01605,IF(G23="V",O23*P23,0))))),"Error") -> 8.588 | O23: =IF(F23="Full",TTHH!C60,IF(F23="Vacio",0,IF(G23="%",TTHH!C60*H23/100,IF(AND(G23="V",I23="m3"),H23,IF(AND(G23="V",I23="ft3"),H23*0.028316,IF(G23="D",N23*P23,0)))))) -> 9.04 | P23: =IF(F23="Vacio",0,IF(J23="Igual",$K$15,IF(AND(L23="Tm",M23="m3"),K23,IF(AND(L23="Tm",M23="ft3"),K23/0.028316,IF(AND(L23="LT",M23="m3"),K23*1.01605,IF(AND(L23="LT",M23="ft3"),K23*(1.01605/0.028316),0)))))) -> 0.95 | Q23: WT Ballast P 4 | R23: 0 | S23: % | T23: 0 | U23: 0 | V23: 0 | W23: 0 | X23: 0 | Y23: =IFERROR(IF(R23="Vacio",0,IF(OR(R23="Full",S23="%"),Z23*AA23,IF(AND(S23="D",#REF!="Tm"),T23,IF(AND(S23="D",#REF!="LT"),T23*1.01605,IF(S23="V",Z23*AA23,0))))),"Error") -> 0 | Z23: =IF(R23="Full",TTHH!C36,IF(R23="Vacio",0,IF(S23="%",TTHH!C36*T23/100,IF(AND(S23="V",#REF!="m3"),T23,IF(AND(S23="V",#REF!="ft3"),T23*0.028316,IF(S23="D",Y23*AA23,0)))))) -> 0 | AA23: =IF(R23="Vacio",0,IF(U23="Igual",$V$7,IF(AND(W23="Tm",X23="m3"),V23,IF(AND(W23="Tm",X23="ft3"),V23/0.028316,IF(AND(W23="LT",X23="m3"),V23*1.01605,IF(AND(W23="LT",X23="ft3"),V23*(1.01605/0.028316),0)))))) -> 0 | AB23: Miscellaneus Oil | AC23: F/Slc | AE23: % | AF23: d | AG23: =Interfaz!I84 -> 0.9 | AH23: Tm | AI23: m3 | AJ23: D Tm ACT | AK23: V m3 | AL23: d
E24: HFO Overflow Tk | F24: Slack | G24: % | H24: 12 | J24: Igual | K24: 0 | L24: 0 | M24: 0 | N24: =IFERROR(IF(F24="Vacio",0,IF(OR(F24="Full",G24="%"),O24*P24,IF(AND(G24="D",I24="Tm"),H24,IF(AND(G24="D",I24="LT"),H24*1.01605,IF(G24="V",O24*P24,0))))),"Error") -> 4.389 | O24: =IF(F24="Full",TTHH!C61,IF(F24="Vacio",0,IF(G24="%",TTHH!C61*H24/100,IF(AND(G24="V",I24="m3"),H24,IF(AND(G24="V",I24="ft3"),H24*0.028316,IF(G24="D",N24*P24,0)))))) -> 4.62 | P24: =IF(F24="Vacio",0,IF(J24="Igual",$K$15,IF(AND(L24="Tm",M24="m3"),K24,IF(AND(L24="Tm",M24="ft3"),K24/0.028316,IF(AND(L24="LT",M24="m3"),K24*1.01605,IF(AND(L24="LT",M24="ft3"),K24*(1.01605/0.028316),0)))))) -> 0.95 | Q24: WT Ballast S 4 | R24: Slack | S24: % | T24: 21 | U24: Igual | V24: 0 | W24: 0 | X24: 0 | Y24: =IFERROR(IF(R24="Vacio",0,IF(OR(R24="Full",S24="%"),Z24*AA24,IF(AND(S24="D",#REF!="Tm"),T24,IF(AND(S24="D",#REF!="LT"),T24*1.01605,IF(S24="V",Z24*AA24,0))))),"Error") -> 214.84103 | Z24: =IF(R24="Full",TTHH!C37,IF(R24="Vacio",0,IF(S24="%",TTHH!C37*T24/100,IF(AND(S24="V",#REF!="m3"),T24,IF(AND(S24="V",#REF!="ft3"),T24*0.028316,IF(S24="D",Y24*AA24,0)))))) -> 209.601 | AA24: =IF(R24="Vacio",0,IF(U24="Igual",$V$7,IF(AND(W24="Tm",X24="m3"),V24,IF(AND(W24="Tm",X24="ft3"),V24/0.028316,IF(AND(W24="LT",X24="m3"),V24*1.01605,IF(AND(W24="LT",X24="ft3"),V24*(1.01605/0.028316),0)))))) -> 1.025 | AB24: HFO Drain Tk | AC24: {=Interfaz!F85:F87} -> Slack | AD24: % | AE24: {=Interfaz!G85:G87} -> 20 | AF24: {=Interfaz!H85:H87} -> Igual | AG24: {=Interfaz!I85:I87} -> 0 | AH24: {=Interfaz!J85:J87} -> 0 | AI24: {=Interfaz!K85:K87} -> 0 | AJ24: =IFERROR(IF(AC24="Vacio",0,IF(OR(AC24="Full",AD24="%"),AK24*AL24,IF(AND(AD24="D",#REF!="Tm"),AE24,IF(AND(AD24="D",#REF!="LT"),AE24*1.01605,IF(AD24="V",AK24*AL24,0))))),"Error") -> 0.882 | AK24: =IF(AC24="Full",TTHH!C106,IF(AC24="Vacio",0,IF(AD24="%",TTHH!C106*AE24/100,IF(AND(AD24="V",#REF!="m3"),AE24,IF(AND(AD24="V",#REF!="ft3"),AE24*0.028316,IF(AD24="D",AJ24*AL24,0)))))) -> 0.98 | AL24: =IF(AC24="Vacio",0,IF(AF24="Igual",$AG$23,IF(AND(AH24="Tm",AI24="m3"),AG24,IF(AND(AH24="Tm",AI24="ft3"),AG24/0.028316,IF(AND(AH24="LT",AI24="m3"),AG24*1.01605,IF(AND(AH24="LT",AI24="ft3"),AG24*(1.01605/0.028316),0)))))) -> 0.9
Q25: DB Ballast P 5 | R25: Full | S25: % | T25: 0 | U25: Igual | V25: 0 | W25: 0 | X25: 0 | Y25: =IFERROR(IF(R25="Vacio",0,IF(OR(R25="Full",S25="%"),Z25*AA25,IF(AND(S25="D",#REF!="Tm"),T25,IF(AND(S25="D",#REF!="LT"),T25*1.01605,IF(S25="V",Z25*AA25,0))))),"Error") -> 445.9775 | Z25: =IF(R25="Full",TTHH!C38,IF(R25="Vacio",0,IF(S25="%",TTHH!C38*T25/100,IF(AND(S25="V",#REF!="m3"),T25,IF(AND(S25="V",#REF!="ft3"),T25*0.028316,IF(S25="D",Y25*AA25,0)))))) -> 435.1 | AA25: =IF(R25="Vacio",0,IF(U25="Igual",$V$7,IF(AND(W25="Tm",X25="m3"),V25,IF(AND(W25="Tm",X25="ft3"),V25/0.028316,IF(AND(W25="LT",X25="m3"),V25*1.01605,IF(AND(W25="LT",X25="ft3"),V25*(1.01605/0.028316),0)))))) -> 1.025 | AB25: Sludge Oil Tk | AC25: Slack | AD25: % | AE25: 30 | AF25: Igual | AG25: 0 | AH25: 0 | AI25: 0 | AJ25: =IFERROR(IF(AC25="Vacio",0,IF(OR(AC25="Full",AD25="%"),AK25*AL25,IF(AND(AD25="D",#REF!="Tm"),AE25,IF(AND(AD25="D",#REF!="LT"),AE25*1.01605,IF(AD25="V",AK25*AL25,0))))),"Error") -> 2.457 | AK25: =IF(AC25="Full",TTHH!C107,IF(AC25="Vacio",0,IF(AD25="%",TTHH!C107*AE25/100,IF(AND(AD25="V",#REF!="m3"),AE25,IF(AND(AD25="V",#REF!="ft3"),AE25*0.028316,IF(AD25="D",AJ25*AL25,0)))))) -> 2.73 | AL25: =IF(AC25="Vacio",0,IF(AF25="Igual",$AG$23,IF(AND(AH25="Tm",AI25="m3"),AG25,IF(AND(AH25="Tm",AI25="ft3"),AG25/0.028316,IF(AND(AH25="LT",AI25="m3"),AG25*1.01605,IF(AND(AH25="LT",AI25="ft3"),AG25*(1.01605/0.028316),0)))))) -> 0.9
Q26: DB Ballast S 5 | R26: Full | S26: % | T26: 0 | U26: Igual | V26: 0 | W26: 0 | X26: 0 | Y26: =IFERROR(IF(R26="Vacio",0,IF(OR(R26="Full",S26="%"),Z26*AA26,IF(AND(S26="D",#REF!="Tm"),T26,IF(AND(S26="D",#REF!="LT"),T26*1.01605,IF(S26="V",Z26*AA26,0))))),"Error") -> 445.9775 | Z26: =IF(R26="Full",TTHH!C39,IF(R26="Vacio",0,IF(S26="%",TTHH!C39*T26/100,IF(AND(S26="V",#REF!="m3"),T26,IF(AND(S26="V",#REF!="ft3"),T26*0.028316,IF(S26="D",Y26*AA26,0)))))) -> 435.1 | AA26: =IF(R26="Vacio",0,IF(U26="Igual",$V$7,IF(AND(W26="Tm",X26="m3"),V26,IF(AND(W26="Tm",X26="ft3"),V26/0.028316,IF(AND(W26="LT",X26="m3"),V26*1.01605,IF(AND(W26="LT",X26="ft3"),V26*(1.01605/0.028316),0)))))) -> 1.025 | AB26: Stern Tube Drain Tk | AC26: Slack | AD26: % | AE26: 27 | AF26: Igual | AG26: 0 | AH26: 0 | AI26: 0 | AJ26: =IFERROR(IF(AC26="Vacio",0,IF(OR(AC26="Full",AD26="%"),AK26*AL26,IF(AND(AD26="D",#REF!="Tm"),AE26,IF(AND(AD26="D",#REF!="LT"),AE26*1.01605,IF(AD26="V",AK26*AL26,0))))),"Error") -> 1.0935 | AK26: =IF(AC26="Full",TTHH!C108,IF(AC26="Vacio",0,IF(AD26="%",TTHH!C108*AE26/100,IF(AND(AD26="V",#REF!="m3"),AE26,IF(AND(AD26="V",#REF!="ft3"),AE26*0.028316,IF(AD26="D",AJ26*AL26,0)))))) -> 1.215 | AL26: =IF(AC26="Vacio",0,IF(AF26="Igual",$AG$23,IF(AND(AH26="Tm",AI26="m3"),AG26,IF(AND(AH26="Tm",AI26="ft3"),AG26/0.028316,IF(AND(AH26="LT",AI26="m3"),AG26*1.01605,IF(AND(AH26="LT",AI26="ft3"),AG26*(1.01605/0.028316),0)))))) -> 0.9
E27: Diesel Oil | F27: F/Slc | H27: % | J27: d | K27: =Interfaz!I31 -> 0.85 | L27: Tm | M27: m3 | N27: D Tm ACT | O27: V m3 | P27: d | Q27: WT Ballast P 5 | R27: Full | S27: % | T27: 0 | U27: Igual | V27: 0 | W27: 0 | X27: 0 | Y27: =IFERROR(IF(R27="Vacio",0,IF(OR(R27="Full",S27="%"),Z27*AA27,IF(AND(S27="D",#REF!="Tm"),T27,IF(AND(S27="D",#REF!="LT"),T27*1.01605,IF(S27="V",Z27*AA27,0))))),"Error") -> 865.305 | Z27: =IF(R27="Full",TTHH!C40,IF(R27="Vacio",0,IF(S27="%",TTHH!C40*T27/100,IF(AND(S27="V",#REF!="m3"),T27,IF(AND(S27="V",#REF!="ft3"),T27*0.028316,IF(S27="D",Y27*AA27,0)))))) -> 844.2 | AA27: =IF(R27="Vacio",0,IF(U27="Igual",$V$7,IF(AND(W27="Tm",X27="m3"),V27,IF(AND(W27="Tm",X27="ft3"),V27/0.028316,IF(AND(W27="LT",X27="m3"),V27*1.01605,IF(AND(W27="LT",X27="ft3"),V27*(1.01605/0.028316),0)))))) -> 1.025
E28: DO Deep Tk S | F28: {=Interfaz!F32:F35} -> 0 | G28: % | H28: {=Interfaz!G32:G35} -> 0 | J28: {=Interfaz!H32:H35} -> 0 | K28: {=Interfaz!I32:I35} -> 0 | L28: {=Interfaz!J32:J35} -> 0 | M28: {=Interfaz!K32:K35} -> 0 | N28: =IFERROR(IF(F28="Vacio",0,IF(OR(F28="Full",G28="%"),O28*P28,IF(AND(G28="D",I28="Tm"),H28,IF(AND(G28="D",I28="LT"),H28*1.01605,IF(G28="V",O28*P28,0))))),"Error") -> 0 | O28: =IF(F28="Full",TTHH!C69,IF(F28="Vacio",0,IF(G28="%",TTHH!C69*H28/100,IF(AND(G28="V",I28="m3"),H28,IF(AND(G28="V",I28="ft3"),H28*0.028316,IF(G28="D",N28*P28,0)))))) -> 0 | P28: =IF(F28="Vacio",0,IF(J28="Igual",$K$27,IF(AND(L28="Tm",M28="m3"),K28,IF(AND(L28="Tm",M28="ft3"),K28/0.028316,IF(AND(L28="LT",M28="m3"),K28*1.01605,IF(AND(L28="LT",M28="ft3"),K28*(1.01605/0.028316),0)))))) -> 0 | Q28: WT Ballast S 5 | R28: Full | S28: % | T28: 0 | U28: Igual | V28: 0 | W28: 0 | X28: 0 | Y28: =IFERROR(IF(R28="Vacio",0,IF(OR(R28="Full",S28="%"),Z28*AA28,IF(AND(S28="D",#REF!="Tm"),T28,IF(AND(S28="D",#REF!="LT"),T28*1.01605,IF(S28="V",Z28*AA28,0))))),"Error") -> 865.305 | Z28: =IF(R28="Full",TTHH!C41,IF(R28="Vacio",0,IF(S28="%",TTHH!C41*T28/100,IF(AND(S28="V",#REF!="m3"),T28,IF(AND(S28="V",#REF!="ft3"),T28*0.028316,IF(S28="D",Y28*AA28,0)))))) -> 844.2 | AA28: =IF(R28="Vacio",0,IF(U28="Igual",$V$7,IF(AND(W28="Tm",X28="m3"),V28,IF(AND(W28="Tm",X28="ft3"),V28/0.028316,IF(AND(W28="LT",X28="m3"),V28*1.01605,IF(AND(W28="LT",X28="ft3"),V28*(1.01605/0.028316),0)))))) -> 1.025 | AB28: Miscellaneus Water | AC28: F/Slc | AE28: % | AF28: d | AG28: =Interfaz!I90 -> 1 | AH28: Tm | AI28: m3 | AJ28: D Tm ACT | AK28: V m3 | AL28: d
E29: DO Service Tk 1 | F29: Slack | G29: % | H29: 80 | J29: Igual | K29: 0 | L29: 0 | M29: 0 | N29: =IFERROR(IF(F29="Vacio",0,IF(OR(F29="Full",G29="%"),O29*P29,IF(AND(G29="D",I29="Tm"),H29,IF(AND(G29="D",I29="LT"),H29*1.01605,IF(G29="V",O29*P29,0))))),"Error") -> 15.368 | O29: =IF(F29="Full",TTHH!C70,IF(F29="Vacio",0,IF(G29="%",TTHH!C70*H29/100,IF(AND(G29="V",I29="m3"),H29,IF(AND(G29="V",I29="ft3"),H29*0.028316,IF(G29="D",N29*P29,0)))))) -> 18.08 | P29: =IF(F29="Vacio",0,IF(J29="Igual",$K$27,IF(AND(L29="Tm",M29="m3"),K29,IF(AND(L29="Tm",M29="ft3"),K29/0.028316,IF(AND(L29="LT",M29="m3"),K29*1.01605,IF(AND(L29="LT",M29="ft3"),K29*(1.01605/0.028316),0)))))) -> 0.85 | Q29: Hold Wash Water P | R29: 0 | S29: % | T29: 0 | U29: 0 | V29: 0 | W29: 0 | X29: 0 | Y29: =IFERROR(IF(R29="Vacio",0,IF(OR(R29="Full",S29="%"),Z29*AA29,IF(AND(S29="D",#REF!="Tm"),T29,IF(AND(S29="D",#REF!="LT"),T29*1.01605,IF(S29="V",Z29*AA29,0))))),"Error") -> 0 | Z29: =IF(R29="Full",TTHH!C42,IF(R29="Vacio",0,IF(S29="%",TTHH!C42*T29/100,IF(AND(S29="V",#REF!="m3"),T29,IF(AND(S29="V",#REF!="ft3"),T29*0.028316,IF(S29="D",Y29*AA29,0)))))) -> 0 | AA29: =IF(R29="Vacio",0,IF(U29="Igual",$V$7,IF(AND(W29="Tm",X29="m3"),V29,IF(AND(W29="Tm",X29="ft3"),V29/0.028316,IF(AND(W29="LT",X29="m3"),V29*1.01605,IF(AND(W29="LT",X29="ft3"),V29*(1.01605/0.028316),0)))))) -> 0 | AB29: S/T Cooling | AC29: {=Interfaz!F91:F95} -> 0 | AD29: % | AE29: {=Interfaz!G91:G95} -> 0 | AF29: {=Interfaz!H91:H95} -> 0 | AG29: {=Interfaz!I91:I95} -> 0 | AH29: {=Interfaz!J91:J95} -> 0 | AI29: {=Interfaz!K91:K95} -> 0 | AJ29: =IFERROR(IF(AC29="Vacio",0,IF(OR(AC29="Full",AD29="%"),AK29*AL29,IF(AND(AD29="D",#REF!="Tm"),AE29,IF(AND(AD29="D",#REF!="LT"),AE29*1.01605,IF(AD29="V",AK29*AL29,0))))),"Error") -> 0 | AK29: =IF(AC29="Full",TTHH!C116,IF(AC29="Vacio",0,IF(AD29="%",TTHH!C116*AE29/100,IF(AND(AD29="V",#REF!="m3"),AE29,IF(AND(AD29="V",#REF!="ft3"),AE29*0.028316,IF(AD29="D",AJ29*AL29,0)))))) -> 0 | AL29: =IF(AC29="Vacio",0,IF(AF29="Igual",$AG$28,IF(AND(AH29="Tm",AI29="m3"),AG29,IF(AND(AH29="Tm",AI29="ft3"),AG29/0.028316,IF(AND(AH29="LT",AI29="m3"),AG29*1.01605,IF(AND(AH29="LT",AI29="ft3"),AG29*(1.01605/0.028316),0)))))) -> 0
E30: DO Service Tk 2 | F30: 0 | G30: % | H30: 0 | J30: 0 | K30: 0 | L30: 0 | M30: 0 | N30: =IFERROR(IF(F30="Vacio",0,IF(OR(F30="Full",G30="%"),O30*P30,IF(AND(G30="D",I30="Tm"),H30,IF(AND(G30="D",I30="LT"),H30*1.01605,IF(G30="V",O30*P30,0))))),"Error") -> 0 | O30: =IF(F30="Full",TTHH!C71,IF(F30="Vacio",0,IF(G30="%",TTHH!C71*H30/100,IF(AND(G30="V",I30="m3"),H30,IF(AND(G30="V",I30="ft3"),H30*0.028316,IF(G30="D",N30*P30,0)))))) -> 0 | P30: =IF(F30="Vacio",0,IF(J30="Igual",$K$27,IF(AND(L30="Tm",M30="m3"),K30,IF(AND(L30="Tm",M30="ft3"),K30/0.028316,IF(AND(L30="LT",M30="m3"),K30*1.01605,IF(AND(L30="LT",M30="ft3"),K30*(1.01605/0.028316),0)))))) -> 0 | Q30: Hold Wash Water S | R30: 0 | S30: % | T30: 0 | U30: 0 | V30: 0 | W30: 0 | X30: 0 | Y30: =IFERROR(IF(R30="Vacio",0,IF(OR(R30="Full",S30="%"),Z30*AA30,IF(AND(S30="D",#REF!="Tm"),T30,IF(AND(S30="D",#REF!="LT"),T30*1.01605,IF(S30="V",Z30*AA30,0))))),"Error") -> 0 | Z30: =IF(R30="Full",TTHH!C43,IF(R30="Vacio",0,IF(S30="%",TTHH!C43*T30/100,IF(AND(S30="V",#REF!="m3"),T30,IF(AND(S30="V",#REF!="ft3"),T30*0.028316,IF(S30="D",Y30*AA30,0)))))) -> 0 | AA30: =IF(R30="Vacio",0,IF(U30="Igual",$V$7,IF(AND(W30="Tm",X30="m3"),V30,IF(AND(W30="Tm",X30="ft3"),V30/0.028316,IF(AND(W30="LT",X30="m3"),V30*1.01605,IF(AND(W30="LT",X30="ft3"),V30*(1.01605/0.028316),0)))))) -> 0 | AB30: Sewage Holding Tk | AC30: 0 | AD30: % | AE30: 0 | AF30: 0 | AG30: 0 | AH30: 0 | AI30: 0 | AJ30: =IFERROR(IF(AC30="Vacio",0,IF(OR(AC30="Full",AD30="%"),AK30*AL30,IF(AND(AD30="D",#REF!="Tm"),AE30,IF(AND(AD30="D",#REF!="LT"),AE30*1.01605,IF(AD30="V",AK30*AL30,0))))),"Error") -> 0 | AK30: =IF(AC30="Full",TTHH!C117,IF(AC30="Vacio",0,IF(AD30="%",TTHH!C117*AE30/100,IF(AND(AD30="V",#REF!="m3"),AE30,IF(AND(AD30="V",#REF!="ft3"),AE30*0.028316,IF(AD30="D",AJ30*AL30,0)))))) -> 0 | AL30: =IF(AC30="Vacio",0,IF(AF30="Igual",$AG$28,IF(AND(AH30="Tm",AI30="m3"),AG30,IF(AND(AH30="Tm",AI30="ft3"),AG30/0.028316,IF(AND(AH30="LT",AI30="m3"),AG30*1.01605,IF(AND(AH30="LT",AI30="ft3"),AG30*(1.01605/0.028316),0)))))) -> 0
E31: DO Settling Tk | F31: Slack | G31: % | H31: 18 | J31: Igual | K31: 0 | L31: 0 | M31: 0 | N31: =IFERROR(IF(F31="Vacio",0,IF(OR(F31="Full",G31="%"),O31*P31,IF(AND(G31="D",I31="Tm"),H31,IF(AND(G31="D",I31="LT"),H31*1.01605,IF(G31="V",O31*P31,0))))),"Error") -> 3.4578 | O31: =IF(F31="Full",TTHH!C72,IF(F31="Vacio",0,IF(G31="%",TTHH!C72*H31/100,IF(AND(G31="V",I31="m3"),H31,IF(AND(G31="V",I31="ft3"),H31*0.028316,IF(G31="D",N31*P31,0)))))) -> 4.068 | P31: =IF(F31="Vacio",0,IF(J31="Igual",$K$27,IF(AND(L31="Tm",M31="m3"),K31,IF(AND(L31="Tm",M31="ft3"),K31/0.028316,IF(AND(L31="LT",M31="m3"),K31*1.01605,IF(AND(L31="LT",M31="ft3"),K31*(1.01605/0.028316),0)))))) -> 0.85 | Q31: AFT Peak Tank | R31: 0 | S31: % | T31: 0 | U31: 0 | V31: 0 | W31: 0 | X31: 0 | Y31: =IFERROR(IF(R31="Vacio",0,IF(OR(R31="Full",S31="%"),Z31*AA31,IF(AND(S31="D",#REF!="Tm"),T31,IF(AND(S31="D",#REF!="LT"),T31*1.01605,IF(S31="V",Z31*AA31,0))))),"Error") -> 0 | Z31: =IF(R31="Full",TTHH!C44,IF(R31="Vacio",0,IF(S31="%",TTHH!C44*T31/100,IF(AND(S31="V",#REF!="m3"),T31,IF(AND(S31="V",#REF!="ft3"),T31*0.028316,IF(S31="D",Y31*AA31,0)))))) -> 0 | AA31: =IF(R31="Vacio",0,IF(U31="Igual",$V$7,IF(AND(W31="Tm",X31="m3"),V31,IF(AND(W31="Tm",X31="ft3"),V31/0.028316,IF(AND(W31="LT",X31="m3"),V31*1.01605,IF(AND(W31="LT",X31="ft3"),V31*(1.01605/0.028316),0)))))) -> 0 | AB31: Bilge Water Tk | AC31: Slack | AD31: % | AE31: 13 | AF31: Igual | AG31: 0 | AH31: 0 | AI31: 0 | AJ31: =IFERROR(IF(AC31="Vacio",0,IF(OR(AC31="Full",AD31="%"),AK31*AL31,IF(AND(AD31="D",#REF!="Tm"),AE31,IF(AND(AD31="D",#REF!="LT"),AE31*1.01605,IF(AD31="V",AK31*AL31,0))))),"Error") -> 4.55 | AK31: =IF(AC31="Full",TTHH!C118,IF(AC31="Vacio",0,IF(AD31="%",TTHH!C118*AE31/100,IF(AND(AD31="V",#REF!="m3"),AE31,IF(AND(AD31="V",#REF!="ft3"),AE31*0.028316,IF(AD31="D",AJ31*AL31,0)))))) -> 4.55 | AL31: =IF(AC31="Vacio",0,IF(AF31="Igual",$AG$28,IF(AND(AH31="Tm",AI31="m3"),AG31,IF(AND(AH31="Tm",AI31="ft3"),AG31/0.028316,IF(AND(AH31="LT",AI31="m3"),AG31*1.01605,IF(AND(AH31="LT",AI31="ft3"),AG31*(1.01605/0.028316),0)))))) -> 1
Q32: Bodega 3 (BW) | R32: 0 | S32: % | T32: 0 | U32: 0 | V32: 0 | W32: 0 | X32: 0 | Y32: =IFERROR(IF(R32="Vacio",0,IF(OR(R32="Full",S32="%"),Z32*AA32,IF(AND(S32="D",#REF!="Tm"),T32,IF(AND(S32="D",#REF!="LT"),T32*1.01605,IF(S32="V",Z32*AA32,0))))),"Error") -> 0 | Z32: =IF(R32="Full",TTHH!C45,IF(R32="Vacio",0,IF(S32="%",TTHH!C45*T32/100,IF(AND(S32="V",#REF!="m3"),T32,IF(AND(S32="V",#REF!="ft3"),T32*0.028316,IF(S32="D",Y32*AA32,0)))))) -> 0 | AA32: =IF(U32="Igual",$V$7,IF(AND(W32="Tm",X32="m3"),V32,IF(AND(W32="Tm",X32="ft3"),V32/0.028316,IF(AND(W32="LT",X32="m3"),V32*1.01605,IF(AND(W32="LT",X32="ft3"),V32*(1.01605/0.028316),0))))) -> 0 | AB32: Feed Water Tk | AC32: 0 | AD32: % | AE32: 0 | AF32: 0 | AG32: 0 | AH32: 0 | AI32: 0 | AJ32: =IFERROR(IF(AC32="Vacio",0,IF(OR(AC32="Full",AD32="%"),AK32*AL32,IF(AND(AD32="D",#REF!="Tm"),AE32,IF(AND(AD32="D",#REF!="LT"),AE32*1.01605,IF(AD32="V",AK32*AL32,0))))),"Error") -> 0 | AK32: =IF(AC32="Full",TTHH!C119,IF(AC32="Vacio",0,IF(AD32="%",TTHH!C119*AE32/100,IF(AND(AD32="V",#REF!="m3"),AE32,IF(AND(AD32="V",#REF!="ft3"),AE32*0.028316,IF(AD32="D",AJ32*AL32,0)))))) -> 0 | AL32: =IF(AC32="Vacio",0,IF(AF32="Igual",$AG$28,IF(AND(AH32="Tm",AI32="m3"),AG32,IF(AND(AH32="Tm",AI32="ft3"),AG32/0.028316,IF(AND(AH32="LT",AI32="m3"),AG32*1.01605,IF(AND(AH32="LT",AI32="ft3"),AG32*(1.01605/0.028316),0)))))) -> 0
AB33: FW Drain Tk | AC33: Slack | AD33: % | AE33: 4 | AF33: Igual | AG33: 0 | AH33: 0 | AI33: 0 | AJ33: =IFERROR(IF(AC33="Vacio",0,IF(OR(AC33="Full",AD33="%"),AK33*AL33,IF(AND(AD33="D",#REF!="Tm"),AE33,IF(AND(AD33="D",#REF!="LT"),AE33*1.01605,IF(AD33="V",AK33*AL33,0))))),"Error") -> 0.124 | AK33: =IF(AC33="Full",TTHH!C120,IF(AC33="Vacio",0,IF(AD33="%",TTHH!C120*AE33/100,IF(AND(AD33="V",#REF!="m3"),AE33,IF(AND(AD33="V",#REF!="ft3"),AE33*0.028316,IF(AD33="D",AJ33*AL33,0)))))) -> 0.124 | AL33: =IF(AC33="Vacio",0,IF(AF33="Igual",$AG$28,IF(AND(AH33="Tm",AI33="m3"),AG33,IF(AND(AH33="Tm",AI33="ft3"),AG33/0.028316,IF(AND(AH33="LT",AI33="m3"),AG33*1.01605,IF(AND(AH33="LT",AI33="ft3"),AG33*(1.01605/0.028316),0)))))) -> 1

Sheet Consumos
E6: CMO Tot | F6: =SUM(J18,J25,U19,U25,AF14,AF19) -> 613.1824 | H6: d Viaje | I6: =Navegación!F24 -> 17.032844 | K6: CMOtotxd | L6: =F9+F21+Q9+Q22+AB9+AB17 -> 36 | N6: Ocultar
E8: Heavy Fuel Oil | F8: CMOxd HFO | G8: dmax | H8: Cap ACT | I8: duso | J8: CMOtot | K8: dRest | L8: CapLLEG | N8: Cap SAL | O8: Cap LLEG | P8: Lubricating Oil | Q8: CMOxd LO | R8: dmax | S8: CapSAL | T8: duso | U8: CMOtot | V8: dRest | W8: CapLLEG | Y8: Cap SAL | Z8: Cap LLEG | AA8: Miscellaneus Water | AB8: CMOxd Misc.W | AC8: dmax | AD8: CapSAL | AE8: duso | AF8: CMOtot | AG8: dRest | AH8: CapLLEG | AJ8: Cap SAL | AK8: Cap LLEG
E9: {=Interfaz!E255:E263} -> Deep P 2 | F9: =Interfaz!E150 -> 30 | G9: {=Interfaz!H255:H263} | H9: =IFERROR(VLOOKUP(E9, $M$9:$N$17, 2, 0) - SUMIF($E$8:E8, E9, $J$8:J8),0) -> 354.578 | I9: =IF(F9=0, 0, MAX(0, MIN( IF(G9="", 99999, G9), H9/F9, $I$6 - SUM($I$8:I8) ))) -> 11.819267 | J9: =I9 * F9 -> 354.578 | K9: =IF(F9=0,"",MAX(0, $I$6 - SUM($I$9:I9))) -> 5.2135778 | L9: =H9-J9 -> 0 | M9: Deep P 1 | N9: {='Carga y Reparto'!O17:O25} -> 0 | O9: =N9-SUMIF($E$9:$E$17,M9,$J$9:$J$17) -> 0 | P9: {=Interfaz!E266:E275} -> Cyl 1 | Q9: =Interfaz!G150 -> 1 | R9: {=Interfaz!H266:H275} -> 8.5 | S9: =IFERROR(VLOOKUP(P9, $X$9:$Y$18, 2, 0) - SUMIF($P$8:P8, P9, $U$8:U8),0) -> 18.18 | T9: =IF(Q9=0, 0, MAX(0, MIN( IF(R9="", 99999, R9), S9/Q9, $I$6 - SUM($T$8:T8) ))) -> 8.5 | U9: =T9 * Q9 -> 8.5 | V9: =IF(Q9=0,"",MAX(0,$I$6-SUM($T$9:T9))) -> 8.5328445 | W9: =S9-U9 -> 9.68 | X9: Store 1 | Y9: {='Carga y Reparto'!O63:O72} -> 17.1 | Z9: =Y9-SUMIF($P$9:$P$18,X9,$U$9:$U$18) -> 17.067156 | AA9: {=Interfaz!I266:I270} -> 0 | AB9: =Interfaz!I150 -> 0 | AC9: {=Interfaz!L266:L270} | AD9: =IFERROR(VLOOKUP(AA9, $AI$9:$AJ$13, 2, 0) - SUMIF($AA$8:AA8, AA9, $AF$8:AF8),0) -> 0 | AE9: =IF(AB9=0, 0, MAX(0, MIN( IF(AC9="", 99999, AC9), AD9/AB9, $I$6 - SUM($AE$8:AE8) ))) -> 0 | AF9: =AE9 * AB9 -> 0 | AG9: =IF(AB9=0,"",MAX(0,$I$6-SUM($AE$9:AE9))) | AH9: =AD9-AF9 -> 0 | AI9: S/T Cooling | AJ9: {='Carga y Reparto'!O87:O91} -> 0 | AK9: =AJ9-SUMIF($AA$9:$AA$13,AI9,$AF$9:$AF$13) -> 0
E10: Service Tk 1 | F10: =$F$9 -> 30 | H10: =IFERROR(VLOOKUP(E10, $M$9:$N$17, 2, 0) - SUMIF($E$8:E9, E10, $J$8:J9),0) -> 42.94 | I10: =IF(F10=0, 0, MAX(0, MIN( IF(G10="", 99999, G10), H10/F10, $I$6 - SUM($I$8:I9) ))) -> 1.4313333 | J10: =I10 * F10 -> 42.94 | K10: =IF(F10=0,"",MAX(0, $I$6 - SUM($I$9:I10))) -> 3.7822445 | L10: =H10-J10 -> 0 | M10: Deep S 1 | N10: 0 | O10: =N10-SUMIF($E$9:$E$17,M10,$J$9:$J$17) -> 0 | P10: Cyl 2 | Q10: =$Q$9 -> 1 | R10: 8.5 | S10: =IFERROR(VLOOKUP(P10, $X$9:$Y$18, 2, 0) - SUMIF($P$8:P9, P10, $U$8:U9),0) -> 39.96 | T10: =IF(Q10=0, 0, MAX(0, MIN( IF(R10="", 99999, R10), S10/Q10, $I$6 - SUM($T$8:T9) ))) -> 8.5 | U10: =T10 * Q10 -> 8.5 | V10: =IF(Q10=0,"",MAX(0,$I$6-SUM($T$9:T10))) -> 0.032844466 | W10: =S10-U10 -> 31.46 | X10: Store 2 | Y10: 16.83 | Z10: =Y10-SUMIF($P$9:$P$18,X10,$U$9:$U$18) -> 16.83 | AA10: 0 | AB10: =$AB$9 -> 0 | AD10: =IFERROR(VLOOKUP(AA10, $AI$9:$AJ$13, 2, 0) - SUMIF($AA$8:AA9, AA10, $AF$8:AF9),0) -> 0 | AE10: =IF(AB10=0, 0, MAX(0, MIN( IF(AC10="", 99999, AC10), AD10/AB10, $I$6 - SUM($AE$8:AE9) ))) -> 0 | AF10: =AE10 * AB10 -> 0 | AG10: =IF(AB10=0,"",MAX(0,$I$6-SUM($AE$9:AE10))) | AH10: =AD10-AF10 -> 0 | AI10: Sewage Holding | AJ10: 0 | AK10: =AJ10-SUMIF($AA$9:$AA$13,AI10,$AF$9:$AF$13) -> 0
E11: Deep S 2 | F11: =$F$9 -> 30 | H11: =IFERROR(VLOOKUP(E11, $M$9:$N$17, 2, 0) - SUMIF($E$8:E10, E11, $J$8:J10),0) -> 450.49 | I11: =IF(F11=0, 0, MAX(0, MIN( IF(G11="", 99999, G11), H11/F11, $I$6 - SUM($I$8:I10) ))) -> 3.7822445 | J11: =I11 * F11 -> 113.46733 | K11: =IF(F11=0,"",MAX(0, $I$6 - SUM($I$9:I11))) -> 0 | L11: =H11-J11 -> 337.02267 | M11: Deep P 2 | N11: 354.578 | O11: =N11-SUMIF($E$9:$E$17,M11,$J$9:$J$17) -> 0 | P11: Store 1 | Q11: =$Q$9 -> 1 | S11: =IFERROR(VLOOKUP(P11, $X$9:$Y$18, 2, 0) - SUMIF($P$8:P10, P11, $U$8:U10),0) -> 17.1 | T11: =IF(Q11=0, 0, MAX(0, MIN( IF(R11="", 99999, R11), S11/Q11, $I$6 - SUM($T$8:T10) ))) -> 0.032844466 | U11: =T11 * Q11 -> 0.032844466 | V11: =IF(Q11=0,"",MAX(0,$I$6-SUM($T$9:T11))) -> 0 | W11: =S11-U11 -> 17.067156 | X11: Cyl 1 | Y11: 18.18 | Z11: =Y11-SUMIF($P$9:$P$18,X11,$U$9:$U$18) -> 9.68 | AA11: 0 | AB11: =$AB$9 -> 0 | AD11: =IFERROR(VLOOKUP(AA11, $AI$9:$AJ$13, 2, 0) - SUMIF($AA$8:AA10, AA11, $AF$8:AF10),0) -> 0 | AE11: =IF(AB11=0, 0, MAX(0, MIN( IF(AC11="", 99999, AC11), AD11/AB11, $I$6 - SUM($AE$8:AE10) ))) -> 0 | AF11: =AE11 * AB11 -> 0 | AG11: =IF(AB11=0,"",MAX(0,$I$6-SUM($AE$9:AE11))) | AH11: =AD11-AF11 -> 0 | AI11: Bilge | AJ11: 0 | AK11: =AJ11-SUMIF($AA$9:$AA$13,AI11,$AF$9:$AF$13) -> 0
E12: 0 | F12: =$F$9 -> 30 | H12: =IFERROR(VLOOKUP(E12, $M$9:$N$17, 2, 0) - SUMIF($E$8:E11, E12, $J$8:J11),0) -> 0 | I12: =IF(F12=0, 0, MAX(0, MIN( IF(G12="", 99999, G12), H12/F12, $I$6 - SUM($I$8:I11) ))) -> 0 | J12: =I12 * F12 -> 0 | K12: =IF(F12=0,"",MAX(0, $I$6 - SUM($I$9:I12))) -> 0 | L12: =H12-J12 -> 0 | M12: Deep S 2 | N12: 450.49 | O12: =N12-SUMIF($E$9:$E$17,M12,$J$9:$J$17) -> 337.02267 | P12: 0 | Q12: =$Q$9 -> 1 | S12: =IFERROR(VLOOKUP(P12, $X$9:$Y$18, 2, 0) - SUMIF($P$8:P11, P12, $U$8:U11),0) -> 0 | T12: =IF(Q12=0, 0, MAX(0, MIN( IF(R12="", 99999, R12), S12/Q12, $I$6 - SUM($T$8:T11) ))) -> 0 | U12: =T12 * Q12 -> 0 | V12: =IF(Q12=0,"",MAX(0,$I$6-SUM($T$9:T12))) -> 0 | W12: =S12-U12 -> 0 | X12: Cyl 2 | Y12: 39.96 | Z12: =Y12-SUMIF($P$9:$P$18,X12,$U$9:$U$18) -> 31.46 | AA12: 0 | AB12: =$AB$9 -> 0 | AD12: =IFERROR(VLOOKUP(AA12, $AI$9:$AJ$13, 2, 0) - SUMIF($AA$8:AA11, AA12, $AF$8:AF11),0) -> 0 | AE12: =IF(AB12=0, 0, MAX(0, MIN( IF(AC12="", 99999, AC12), AD12/AB12, $I$6 - SUM($AE$8:AE11) ))) -> 0 | AF12: =AE12 * AB12 -> 0 | AG12: =IF(AB12=0,"",MAX(0,$I$6-SUM($AE$9:AE12))) | AH12: =AD12-AF12 -> 0 | AI12: Feed | AJ12: 0 | AK12: =AJ12-SUMIF($AA$9:$AA$13,AI12,$AF$9:$AF$13) -> 0
E13: 0 | F13: =$F$9 -> 30 | H13: =IFERROR(VLOOKUP(E13, $M$9:$N$17, 2, 0) - SUMIF($E$8:E12, E13, $J$8:J12),0) -> 0 | I13: =IF(F13=0, 0, MAX(0, MIN( IF(G13="", 99999, G13), H13/F13, $I$6 - SUM($I$8:I12) ))) -> 0 | J13: =I13 * F13 -> 0 | K13: =IF(F13=0,"",MAX(0, $I$6 - SUM($I$9:I13))) -> 0 | L13: =H13-J13 -> 0 | M13: Service Tk 1 | N13: 42.94 | O13: =N13-SUMIF($E$9:$E$17,M13,$J$9:$J$17) -> 0 | P13: 0 | Q13: =$Q$9 -> 1 | S13: =IFERROR(VLOOKUP(P13, $X$9:$Y$18, 2, 0) - SUMIF($P$8:P12, P13, $U$8:U12),0) -> 0 | T13: =IF(Q13=0, 0, MAX(0, MIN( IF(R13="", 99999, R13), S13/Q13, $I$6 - SUM($T$8:T12) ))) -> 0 | U13: =T13 * Q13 -> 0 | V13: =IF(Q13=0,"",MAX(0,$I$6-SUM($T$9:T13))) -> 0 | W13: =S13-U13 -> 0 | X13: Sump | Y13: 0 | Z13: =Y13-SUMIF($P$9:$P$18,X13,$U$9:$U$18) -> 0 | AA13: 0 | AB13: =$AB$9 -> 0 | AD13: =IFERROR(VLOOKUP(AA13, $AI$9:$AJ$13, 2, 0) - SUMIF($AA$8:AA12, AA13, $AF$8:AF12),0) -> 0 | AE13: =IF(AB13=0, 0, MAX(0, MIN( IF(AC13="", 99999, AC13), AD13/AB13, $I$6 - SUM($AE$8:AE12) ))) -> 0 | AF13: =AE13 * AB13 -> 0 | AG13: =IF(AB13=0,"",MAX(0,$I$6-SUM($AE$9:AE13))) | AH13: =AD13-AF13 -> 0 | AI13: FW Drain | AJ13: 0 | AK13: =AJ13-SUMIF($AA$9:$AA$13,AI13,$AF$9:$AF$13) -> 0
E14: 0 | F14: =$F$9 -> 30 | H14: =IFERROR(VLOOKUP(E14, $M$9:$N$17, 2, 0) - SUMIF($E$8:E13, E14, $J$8:J13),0) -> 0 | I14: =IF(F14=0, 0, MAX(0, MIN( IF(G14="", 99999, G14), H14/F14, $I$6 - SUM($I$8:I13) ))) -> 0 | J14: =I14 * F14 -> 0 | K14: =IF(F14=0,"",MAX(0, $I$6 - SUM($I$9:I14))) -> 0 | L14: =H14-J14 -> 0 | M14: Service Tk 2 | N14: 0 | O14: =N14-SUMIF($E$9:$E$17,M14,$J$9:$J$17) -> 0 | P14: 0 | Q14: =$Q$9 -> 1 | S14: =IFERROR(VLOOKUP(P14, $X$9:$Y$18, 2, 0) - SUMIF($P$8:P13, P14, $U$8:U13),0) -> 0 | T14: =IF(Q14=0, 0, MAX(0, MIN( IF(R14="", 99999, R14), S14/Q14, $I$6 - SUM($T$8:T13) ))) -> 0 | U14: =T14 * Q14 -> 0 | V14: =IF(Q14=0,"",MAX(0,$I$6-SUM($T$9:T14))) -> 0 | W14: =S14-U14 -> 0 | X14: A/E 1 | Y14: 0 | Z14: =Y14-SUMIF($P$9:$P$18,X14,$U$9:$U$18) -> 0 | AE14: CMOtot Misc.Wt | AF14: =SUM(AF9:AF13) -> 0
E15: 0 | F15: =$F$9 -> 30 | H15: =IFERROR(VLOOKUP(E15, $M$9:$N$17, 2, 0) - SUMIF($E$8:E14, E15, $J$8:J14),0) -> 0 | I15: =IF(F15=0, 0, MAX(0, MIN( IF(G15="", 99999, G15), H15/F15, $I$6 - SUM($I$8:I14) ))) -> 0 | J15: =I15 * F15 -> 0 | K15: =IF(F15=0,"",MAX(0, $I$6 - SUM($I$9:I15))) -> 0 | L15: =H15-J15 -> 0 | M15: Settling Tk 1 | N15: 42.94 | O15: =N15-SUMIF($E$9:$E$17,M15,$J$9:$J$17) -> 42.94 | P15: 0 | Q15: =$Q$9 -> 1 | S15: =IFERROR(VLOOKUP(P15, $X$9:$Y$18, 2, 0) - SUMIF($P$8:P14, P15, $U$8:U14),0) -> 0 | T15: =IF(Q15=0, 0, MAX(0, MIN( IF(R15="", 99999, R15), S15/Q15, $I$6 - SUM($T$8:T14) ))) -> 0 | U15: =T15 * Q15 -> 0 | V15: =IF(Q15=0,"",MAX(0,$I$6-SUM($T$9:T15))) -> 0 | W15: =S15-U15 -> 0 | X15: A/E 2 | Y15: 0 | Z15: =Y15-SUMIF($P$9:$P$18,X15,$U$9:$U$18) -> 0
E16: 0 | F16: =$F$9 -> 30 | H16: =IFERROR(VLOOKUP(E16, $M$9:$N$17, 2, 0) - SUMIF($E$8:E15, E16, $J$8:J15),0) -> 0 | I16: =IF(F16=0, 0, MAX(0, MIN( IF(G16="", 99999, G16), H16/F16, $I$6 - SUM($I$8:I15) ))) -> 0 | J16: =I16 * F16 -> 0 | K16: =IF(F16=0,"",MAX(0, $I$6 - SUM($I$9:I16))) -> 0 | L16: =H16-J16 -> 0 | M16: Settling Tk 2 | N16: 8.588 | O16: =N16-SUMIF($E$9:$E$17,M16,$J$9:$J$17) -> 8.588 | P16: 0 | Q16: =$Q$9 -> 1 | S16: =IFERROR(VLOOKUP(P16, $X$9:$Y$18, 2, 0) - SUMIF($P$8:P15, P16, $U$8:U15),0) -> 0 | T16: =IF(Q16=0, 0, MAX(0, MIN( IF(R16="", 99999, R16), S16/Q16, $I$6 - SUM($T$8:T15) ))) -> 0 | U16: =T16 * Q16 -> 0 | V16: =IF(Q16=0,"",MAX(0,$I$6-SUM($T$9:T16))) -> 0 | W16: =S16-U16 -> 0 | X16: Stern Tube | Y16: 1.08 | Z16: =Y16-SUMIF($P$9:$P$18,X16,$U$9:$U$18) -> 1.08 | AA16: Fresh Water | AB16: CMOxd FW | AC16: dmax | AD16: CapSAL | AE16: duso | AF16: CMOtot | AG16: dRest | AH16: CapLLEG | AJ16: Cap SAL | AK16: Cap LLEG
E17: 0 | F17: =$F$9 -> 30 | H17: =IFERROR(VLOOKUP(E17, $M$9:$N$17, 2, 0) - SUMIF($E$8:E16, E17, $J$8:J16),0) -> 0 | I17: =IF(F17=0, 0, MAX(0, MIN( IF(G17="", 99999, G17), H17/F17, $I$6 - SUM($I$8:I16) ))) -> 0 | J17: =I17 * F17 -> 0 | K17: =IF(F17=0,"",MAX(0, $I$6 - SUM($I$9:I17))) -> 0 | L17: =H17-J17 -> 0 | M17: Overflow Tk | N17: 4.389 | O17: =N17-SUMIF($E$9:$E$17,M17,$J$9:$J$17) -> 4.389 | P17: 0 | Q17: =$Q$9 -> 1 | S17: =IFERROR(VLOOKUP(P17, $X$9:$Y$18, 2, 0) - SUMIF($P$8:P16, P17, $U$8:U16),0) -> 0 | T17: =IF(Q17=0, 0, MAX(0, MIN( IF(R17="", 99999, R17), S17/Q17, $I$6 - SUM($T$8:T16) ))) -> 0 | U17: =T17 * Q17 -> 0 | V17: =IF(Q17=0,"",MAX(0,$I$6-SUM($T$9:T17))) -> 0 | W17: =S17-U17 -> 0 | X17: Cyl Service 1 | Y17: 0.72 | Z17: =Y17-SUMIF($P$9:$P$18,X17,$U$9:$U$18) -> 0.72 | AA17: {=Interfaz!M266:M267} -> FW Tk P | AB17: =Interfaz!J150 -> 2 | AC17: {=Interfaz!P266:P267} | AD17: =IFERROR(VLOOKUP(AA17, $AI$17:$AJ$18, 2, 0) - SUMIF($AA$16:AA16, AA17, $AF$16:AF16),0) -> 119.5 | AE17: =IF(AB17=0, 0, MAX(0, MIN( IF(AC17="", 99999, AC17), AD17/AB17, $I$6 - SUM($AE$16:AE16) ))) -> 17.032844 | AF17: =AE17 * AB17 -> 34.065689 | AG17: =IF(AB17=0,"",MAX(0,$I$6-SUM($AE$17:AE17))) -> 0 | AH17: =AD17-AF17 -> 85.434311 | AI17: FW Tk P | AJ17: {='Carga y Reparto'!O76:O77} -> 119.5 | AK17: =AJ17-SUMIF($AA$17:$AA$18,AI17,$AF$17:$AF$18) -> 85.434311
I18: CMOtot HFO | J18: =SUM(J9:J17) -> 510.98533 | P18: 0 | Q18: =$Q$9 -> 1 | S18: =IFERROR(VLOOKUP(P18, $X$9:$Y$18, 2, 0) - SUMIF($P$8:P17, P18, $U$8:U17),0) -> 0 | T18: =IF(Q18=0, 0, MAX(0, MIN( IF(R18="", 99999, R18), S18/Q18, $I$6 - SUM($T$8:T17) ))) -> 0 | U18: =T18 * Q18 -> 0 | V18: =IF(Q18=0,"",MAX(0,$I$6-SUM($T$9:T18))) -> 0 | W18: =S18-U18 -> 0 | X18: Cyl Service 2 | Y18: 0.72 | Z18: =Y18-SUMIF($P$9:$P$18,X18,$U$9:$U$18) -> 0.72 | AA18: 0 | AB18: =$AB$17 -> 2 | AD18: =IFERROR(VLOOKUP(AA18, $AI$17:$AJ$18, 2, 0) - SUMIF($AA$16:AA17, AA18, $AF$16:AF17),0) -> 0 | AE18: =IF(AB18=0, 0, MAX(0, MIN( IF(AC18="", 99999, AC18), AD18/AB18, $I$6 - SUM($AE$16:AE17) ))) -> 0 | AF18: =AE18 * AB18 -> 0 | AG18: =IF(AB18=0,"",MAX(0,$I$6-SUM($AE$17:AE18))) -> 0 | AH18: =AD18-AF18 -> 0 | AI18: FW Tk S | AJ18: 0 | AK18: =AJ18-SUMIF($AA$17:$AA$18,AI18,$AF$17:$AF$18) -> 0
T19: CMOtot LO | U19: =SUM(U9:U18) -> 17.032844 | AE19: CMOtot FW | AF19: =SUM(AF17:AF18) -> 34.065689
E20: Diesel Oil | F20: CMOxd DO | G20: dmax | H20: CapSAL | I20: duso | J20: CMOtot | K20: dRest | L20: CapLLEG | N20: Cap SAL | O20: Cap LLEG
E21: {=Interfaz!I255:I258} -> Service 1 | F21: =Interfaz!F150 -> 3 | G21: {=Interfaz!L255:L258} -> 3 | H21: =IFERROR(VLOOKUP(E21, $M$21:$N$24, 2, 0) - SUMIF($E$20:E20, E21, $J$20:J20),0) -> 12.4865 | I21: =IF(F21=0, 0, MAX(0, MIN( IF(G21="", 99999, G21), H21/F21, $I$6 - SUM($I$20:I20) ))) -> 3 | J21: =I21 * F21 -> 9 | K21: =IF(F21=0,"",MAX(0,$I$6-SUM($I$21:I21))) -> 14.032844 | L21: =H21-J21 -> 3.4865 | M21: Deep S | N21: {='Carga y Reparto'!O29:O32} -> 141.525 | O21: =N21-SUMIF($E$21:$E$24,M21,$J$21:$J$24) -> 114.42647 | P21: Miscellaneus Oil | Q21: CMOxd Misc.O | R21: dmax | S21: CapSAL | T21: duso | U21: CMOtot | V21: dRest | W21: CapLLEG | Y21: Cap SAL | Z21: Cap LLEG
E22: Service 2 | F22: =$F$21 -> 3 | G22: 5 | H22: =IFERROR(VLOOKUP(E22, $M$21:$N$24, 2, 0) - SUMIF($E$20:E21, E22, $J$20:J21),0) -> 19.662 | I22: =IF(F22=0, 0, MAX(0, MIN( IF(G22="", 99999, G22), H22/F22, $I$6 - SUM($I$20:I21) ))) -> 5 | J22: =I22 * F22 -> 15 | K22: =IF(F22=0,"",MAX(0,$I$6-SUM($I$21:I22))) -> 9.0328445 | L22: =H22-J22 -> 4.662 | M22: Service 1 | N22: 12.4865 | O22: =N22-SUMIF($E$21:$E$24,M22,$J$21:$J$24) -> 3.4865 | P22: {=Interfaz!M255:M257} -> 0 | Q22: =Interfaz!H150 -> 0 | R22: {=Interfaz!P255:P257} | S22: =IFERROR(VLOOKUP(P22, $X$22:$Y$24, 2, 0) - SUMIF($P$21:P21, P22, $U$21:U21),0) -> 0 | T22: =IF(Q22=0, 0, MAX(0, MIN( IF(R22="", 99999, R22), S22/Q22, $I$6 - SUM($T$21:T21) ))) -> 0 | U22: =T22 * Q22 -> 0 | V22: =IF(Q22=0,"",MAX(0,$I$6-SUM($T$22:T22))) | W22: =S22-U22 -> 0 | X22: HFO Drain | Y22: {='Carga y Reparto'!O81:O83} -> 0 | Z22: =Y22-SUMIF($P$22:$P$24,X22,$U$22:$U$24) -> 0
E23: Deep S | F23: =$F$21 -> 3 | H23: =IFERROR(VLOOKUP(E23, $M$21:$N$24, 2, 0) - SUMIF($E$20:E22, E23, $J$20:J22),0) -> 141.525 | I23: =IF(F23=0, 0, MAX(0, MIN( IF(G23="", 99999, G23), H23/F23, $I$6 - SUM($I$20:I22) ))) -> 9.0328445 | J23: =I23 * F23 -> 27.098533 | K23: =IF(F23=0,"",MAX(0,$I$6-SUM($I$21:I23))) -> 0 | L23: =H23-J23 -> 114.42647 | M23: Service 2 | N23: 19.662 | O23: =N23-SUMIF($E$21:$E$24,M23,$J$21:$J$24) -> 4.662 | P23: 0 | Q23: =$Q$22 -> 0 | S23: =IFERROR(VLOOKUP(P23, $X$22:$Y$24, 2, 0) - SUMIF($P$21:P22, P23, $U$21:U22),0) -> 0 | T23: =IF(Q23=0, 0, MAX(0, MIN( IF(R23="", 99999, R23), S23/Q23, $I$6 - SUM($T$21:T22) ))) -> 0 | U23: =T23 * Q23 -> 0 | V23: =IF(Q23=0,"",MAX(0,$I$6-SUM($T$22:T23))) | W23: =S23-U23 -> 0 | X23: Sludge | Y23: 0 | Z23: =Y23-SUMIF($P$22:$P$24,X23,$U$22:$U$24) -> 0
E24: 0 | F24: =$F$21 -> 3 | H24: =IFERROR(VLOOKUP(E24, $M$21:$N$24, 2, 0) - SUMIF($E$20:E23, E24, $J$20:J23),0) -> 0 | I24: =IF(F24=0, 0, MAX(0, MIN( IF(G24="", 99999, G24), H24/F24, $I$6 - SUM($I$20:I23) ))) -> 0 | J24: =I24 * F24 -> 0 | K24: =IF(F24=0,"",MAX(0,$I$6-SUM($I$21:I24))) -> 0 | L24: =H24-J24 -> 0 | M24: Settling | N24: 3.4578 | O24: =N24-SUMIF($E$21:$E$24,M24,$J$21:$J$24) -> 3.4578 | P24: 0 | Q24: =$Q$22 -> 0 | S24: =IFERROR(VLOOKUP(P24, $X$22:$Y$24, 2, 0) - SUMIF($P$21:P23, P24, $U$21:U23),0) -> 0 | T24: =IF(Q24=0, 0, MAX(0, MIN( IF(R24="", 99999, R24), S24/Q24, $I$6 - SUM($T$21:T23) ))) -> 0 | U24: =T24 * Q24 -> 0 | V24: =IF(Q24=0,"",MAX(0,$I$6-SUM($T$22:T24))) | W24: =S24-U24 -> 0 | X24: Stern Tube Drain | Y24: 0 | Z24: =Y24-SUMIF($P$22:$P$24,X24,$U$22:$U$24) -> 0
I25: CMOtot DO | J25: =SUM(J21:J24) -> 51.098533 | T25: CMOtot Misc.Oil | U25: =SUM(U22:U24) -> 0
M29: =IF(SUM($I$20:I20)>='Condición Día D'!$AL$7, 0, IF(SUM($I$21:I21)<='Condición Día D'!$AL$7, Consumos!J21, Consumos!F21*('Condición Día D'!$AL$7-SUM($I$20:I20)))) -> 9
M31: {=IF(SUM($I$9:I9)<'Condición Día D'!$AL$7,Consumos!J9,IF(SUM($I$9:I9)>'Condición Día D'!$AL$7,Consumos!F9*('Condición Día D'!$AL$7-SUM(Consumos!$I$8:I8)),IF(AND(SUM(Consumos!$I$9:I9)>'Condición Día D'!$AL$7,'Condición Día D'!$AL$7-SUM(Consumos!$I$8:I8<0)),0)))} -> 210

Sheet D Máximos
E7: D ACTUAL | H7: D SALIDA | L7: Cambio a Zona de LLEG | P7: D LLEGADA
AC8: ϕa Z | AD8: =LN(TAN(RADIANS(45+O10/2)))*180/PI() -> -11.068204 | AE8: "+90º" | AF8: =AD8+90 -> 78.931796 | AG8: λ Z | AH8: =O12 -> -177.72734 | AI8: "+180º" | AJ8: =AH8+180 -> 2.272663
E9: D actual | F9: ='Condición Actual'!U85 -> 27736.148 | H9: D zona Sal | I9: =IFERROR(_xlfn.XLOOKUP(J9,TTHH!M10:M14,TTHH!O10:O14),0) -> 63116 | J9: =Interfaz!G157 -> W | L9: º | M9: ′ | N9: N/S | P9: D zona Lleg | Q9: =IFERROR(_xlfn.XLOOKUP(R9,TTHH!M10:M14,TTHH!O10:O14),0) -> 64609 | R9: =Interfaz!O157 -> S | AC9: ϕa A | AD9: =LN(TAN(RADIANS(45+Navegación!F14/2)))*180/PI() -> 77.970155 | AE9: "+90º" | AF9: =AD9+90 -> 167.97015 | AG9: λ A | AH9: =Navegación!H14 -> -149.88333 | AI9: "+180º" | AJ9: =AH9+180 -> 30.116667
